hospital,municipio,provincia,codigo_ine,camas_ocupadas_total,camas_uci_ocupadas
Hospital Universitario Miguel Servet,Zaragoza,Zaragoza,50297,260,41
Hospital Clínico Universitario,Zaragoza,Zaragoza,50297,215,45
Hospital Royo Villanova,Zaragoza,Zaragoza,50297,166,10
Hospital General de la Defensa,Zaragoza,Zaragoza,50297,40,3
Hospital Obispo Polanco,Teruel,Teruel,44216,44,8
Hospital de Alcañiz,Alcañiz,Teruel,44013,52,0
Hospital de Barbastro,Barbastro,Huesca,22048,37,5
Hospital San Jorge,Huesca,Huesca,22125,70,9
Hospital Ernest Lluch,Calatayud,Zaragoza,50067,13,0
Hospital Sagrado Corazón de Jesús,Huesca,Huesca,22125,1,0
Hospital San José,Teruel,Teruel,44216,23,0
Centro Médico de Especialidades Cinco Villas,Ejea de los Caballeros,Zaragoza,50095,2,0
Hospital Universitario Miguel Servet,Zaragoza,Zaragoza,50297,262,42
Hospital Clínico Universitario,Zaragoza,Zaragoza,50297,216,49
Hospital Royo Villanova,Zaragoza,Zaragoza,50297,156,10
Hospital Nuestra Señora de Gracia,Zaragoza,Zaragoza,50297,27,7
Hospital General de la Defensa,Zaragoza,Zaragoza,50297,41,4
Hospital Obispo Polanco,Teruel,Teruel,44216,43,7
Hospital de Alcañiz,Alcañiz,Teruel,44013,48,0
Hospital de Barbastro,Barbastro,Huesca,22048,36,7
Hospital San Jorge,Huesca,Huesca,22125,72,11
Hospital Ernest Lluch,Calatayud,Zaragoza,50067,14,0
Hospital Sagrado Corazón de Jesús,Huesca,Huesca,22125,1,0
Hospital San José,Teruel,Teruel,44216,22,0
Centro Médico de Especialidades Cinco Villas,Ejea de los Caballeros,Zaragoza,50095,1,0
Centro Médico de Especialidades Fraga,Fraga,Huesca,22112,1,0
Hospital Universitario Miguel Servet,Zaragoza,Zaragoza,50297,269,42
Hospital Clínico Universitario,Zaragoza,Zaragoza,50297,209,50
Hospital Royo Villanova,Zaragoza,Zaragoza,50297,154,11
Hospital Nuestra Señora de Gracia,Zaragoza,Zaragoza,50297,32,7
Hospital General de la Defensa,Zaragoza,Zaragoza,50297,48,4
Hospital Obispo Polanco,Teruel,Teruel,44216,45,7
Hospital de Alcañiz,Alcañiz,Teruel,44013,46,0
Hospital de Barbastro,Barbastro,Huesca,22048,34,8
Hospital San Jorge,Huesca,Huesca,22125,71,13
Hospital Ernest Lluch,Calatayud,Zaragoza,50067,15,0
Hospital Sagrado Corazón de Jesús,Huesca,Huesca,22125,1,0
Hospital San José,Teruel,Teruel,44216,24,0
Centro Médico de Especialidades Cinco Villas,Ejea de los Caballeros,Zaragoza,50095,1,0
Hospital Universitario Miguel Servet,Zaragoza,Zaragoza,50297,267,42
Hospital Clínico Universitario,Zaragoza,Zaragoza,50297,280,56
Hospital Royo Villanova,Zaragoza,Zaragoza,50297,138,11
Hospital Nuestra Señora de Gracia,Zaragoza,Zaragoza,50297,32,7
Hospital General de la Defensa,Zaragoza,Zaragoza,50297,38,6
Hospital Obispo Polanco,Teruel,Teruel,44216,51,12
Hospital de Alcañiz,Alcañiz,Teruel,44013,36,0
Hospital de Barbastro,Barbastro,Huesca,22048,50,9
Hospital San Jorge,Huesca,Huesca,22125,80,12
Hospital Ernest Lluch,Calatayud,Zaragoza,50067,20,0
Hospital Sagrado Corazón de Jesús,Huesca,Huesca,22125,1,0
Hospital San José,Teruel,Teruel,44216,23,0
Centro Médico de Especialidades Cinco Villas,Ejea de los Caballeros,Zaragoza,50095,3,0
Hospital Universitario Miguel Servet,Zaragoza,Zaragoza,50297,248,42
Hospital Clínico Universitario,Zaragoza,Zaragoza,50297,267,54
Hospital Royo Villanova,Zaragoza,Zaragoza,50297,133,12
Hospital Nuestra Señora de Gracia,Zaragoza,Zaragoza,50297,47,8
Hospital General de la Defensa,Zaragoza,Zaragoza,50297,57,4
Hospital Obispo Polanco,Teruel,Teruel,44216,41,11
Hospital de Alcañiz,Alcañiz,Teruel,44013,27,0
Hospital de Barbastro,Barbastro,Huesca,22048,45,9
Hospital San Jorge,Huesca,Huesca,22125,72,12
Hospital Ernest Lluch,Calatayud,Zaragoza,50067,24,0
Hospital San José,Teruel,Teruel,44216,22,0
Centro Médico de Especialidades Cinco Villas,Ejea de los Caballeros,Zaragoza,50095,3,0
MAZ,Zaragoza,Zaragoza,50297,19,7
Hospital Viamed Montecanal,Zaragoza,Zaragoza,50297,5,0
Clínica Montpellier,Zaragoza,Zaragoza,50297,17,3
Hospital Quirón,Zaragoza,Zaragoza,50297,21,4
Hospital San Juan de Dios de Zaragoza,Zaragoza,Zaragoza,50297,9,0
Clínica Viamed Santiago,Huesca,Huesca,22125,5,0
Hospital Universitario Miguel Servet,Zaragoza,Zaragoza,50297,246,44
Hospital Clínico Universitario,Zaragoza,Zaragoza,50297,267,51
Hospital Royo Villanova,Zaragoza,Zaragoza,50297,136,12
Hospital Nuestra Señora de Gracia,Zaragoza,Zaragoza,50297,38,8
Hospital General de la Defensa,Zaragoza,Zaragoza,50297,61,4
Hospital Obispo Polanco,Teruel,Teruel,44216,45,12
Hospital de Alcañiz,Alcañiz,Teruel,44013,27,0
Hospital de Barbastro,Barbastro,Huesca,22048,50,10
Hospital San Jorge,Huesca,Huesca,22125,73,12
Hospital Ernest Lluch,Calatayud,Zaragoza,50067,22,0
Hospital San José,Teruel,Teruel,44216,22,0
Centro Médico de Especialidades Cinco Villas,Ejea de los Caballeros,Zaragoza,50095,3,0
MAZ,Zaragoza,Zaragoza,50297,17,7
Hospital Viamed Montecanal,Zaragoza,Zaragoza,50297,7,0
Clínica Montpellier,Zaragoza,Zaragoza,50297,13,3
Hospital Quirón,Zaragoza,Zaragoza,50297,21,4
Hospital San Juan de Dios de Zaragoza,Zaragoza,Zaragoza,50297,8,0
Clínica Viamed Santiago,Huesca,Huesca,22125,6,0
Hospital Universitario Miguel Servet,Zaragoza,Zaragoza,50297,249,44
Hospital Clínico Universitario,Zaragoza,Zaragoza,50297,279,52
Hospital Royo Villanova,Zaragoza,Zaragoza,50297,140,12
Hospital Nuestra Señora de Gracia,Zaragoza,Zaragoza,50297,39,7
Hospital General de la Defensa,Zaragoza,Zaragoza,50297,57,4
Hospital Obispo Polanco,Teruel,Teruel,44216,45,11
Hospital de Alcañiz,Alcañiz,Teruel,44013,25,0
Hospital de Barbastro,Barbastro,Huesca,22048,50,11
Hospital San Jorge,Huesca,Huesca,22125,67,11
Hospital Ernest Lluch,Calatayud,Zaragoza,50067,23,0
Hospital San José,Teruel,Teruel,44216,21,0
Centro Médico de Especialidades Cinco Villas,Ejea de los Caballeros,Zaragoza,50095,4,0
MAZ,Zaragoza,Zaragoza,50297,16,7
Hospital Viamed Montecanal,Zaragoza,Zaragoza,50297,5,0
Clínica Montpellier,Zaragoza,Zaragoza,50297,15,2
Hospital Quirón,Zaragoza,Zaragoza,50297,20,4
Hospital San Juan de Dios de Zaragoza,Zaragoza,Zaragoza,50297,8,0
Clínica Viamed Santiago,Huesca,Huesca,22125,6,0
Hospital Universitario Miguel Servet,Zaragoza,Zaragoza,50297,228,45
Hospital Clínico Universitario,Zaragoza,Zaragoza,50297,270,51
Hospital Royo Villanova,Zaragoza,Zaragoza,50297,132,10
Hospital Nuestra Señora de Gracia,Zaragoza,Zaragoza,50297,39,8
Hospital General de la Defensa,Zaragoza,Zaragoza,50297,59,4
Hospital Obispo Polanco,Teruel,Teruel,44216,46,12
Hospital de Alcañiz,Alcañiz,Teruel,44013,17,0
Hospital de Barbastro,Barbastro,Huesca,22048,51,10
Hospital San Jorge,Huesca,Huesca,22125,71,11
Hospital Ernest Lluch,Calatayud,Zaragoza,50067,24,0
Hospital San José,Teruel,Teruel,44216,21,0
Centro Médico de Especialidades Cinco Villas,Ejea de los Caballeros,Zaragoza,50095,4,0
MAZ,Zaragoza,Zaragoza,50297,20,7
Hospital Viamed Montecanal,Zaragoza,Zaragoza,50297,2,0
Clínica Montpellier,Zaragoza,Zaragoza,50297,14,2
Hospital Quirón,Zaragoza,Zaragoza,50297,20,4
Hospital San Juan de Dios de Zaragoza,Zaragoza,Zaragoza,50297,8,0
Clínica Viamed Santiago,Huesca,Huesca,22125,5,0
Hospital Universitario Miguel Servet,Zaragoza,Zaragoza,50297,216,45
Hospital Clínico Universitario,Zaragoza,Zaragoza,50297,262,49
Hospital Royo Villanova,Zaragoza,Zaragoza,50297,132,10
Hospital Nuestra Señora de Gracia,Zaragoza,Zaragoza,50297,43,8
Hospital General de la Defensa,Zaragoza,Zaragoza,50297,59,4
Hospital Obispo Polanco,Teruel,Teruel,44216,39,13
Hospital de Alcañiz,Alcañiz,Teruel,44013,15,0
Hospital de Barbastro,Barbastro,Huesca,22048,45,10
Hospital San Jorge,Huesca,Huesca,22125,57,11
Hospital Ernest Lluch,Calatayud,Zaragoza,50067,23,0
Hospital San José,Teruel,Teruel,44216,23,0
Centro Médico de Especialidades Cinco Villas,Ejea de los Caballeros,Zaragoza,50095,4,0
MAZ,Zaragoza,Zaragoza,50297,17,8
Hospital Viamed Montecanal,Zaragoza,Zaragoza,50297,1,0
Clínica Montpellier,Zaragoza,Zaragoza,50297,13,2
Hospital Quirón,Zaragoza,Zaragoza,50297,16,3
Hospital San Juan de Dios de Zaragoza,Zaragoza,Zaragoza,50297,9,0
Clínica Viamed Santiago,Huesca,Huesca,22125,5,0
Hospital Universitario Miguel Servet,Zaragoza,Zaragoza,50297,202,44
Hospital Clínico Universitario,Zaragoza,Zaragoza,50297,257,47
Hospital Royo Villanova,Zaragoza,Zaragoza,50297,120,9
Hospital Nuestra Señora de Gracia,Zaragoza,Zaragoza,50297,35,7
Hospital General de la Defensa,Zaragoza,Zaragoza,50297,63,4
Hospital Obispo Polanco,Teruel,Teruel,44216,41,12
Hospital de Alcañiz,Alcañiz,Teruel,44013,11,0
Hospital de Barbastro,Barbastro,Huesca,22048,41,10
Hospital San Jorge,Huesca,Huesca,22125,52,11
Hospital Ernest Lluch,Calatayud,Zaragoza,50067,24,0
Hospital San José,Teruel,Teruel,44216,22,0
Centro Médico de Especialidades Cinco Villas,Ejea de los Caballeros,Zaragoza,50095,3,0
MAZ,Zaragoza,Zaragoza,50297,17,8
Hospital Viamed Montecanal,Zaragoza,Zaragoza,50297,2,0
Clínica Montpellier,Zaragoza,Zaragoza,50297,12,2
Hospital Quirón,Zaragoza,Zaragoza,50297,14,3
Hospital San Juan de Dios de Zaragoza,Zaragoza,Zaragoza,50297,12,0
Clínica Viamed Santiago,Huesca,Huesca,22125,5,0
Hospital Universitario Miguel Servet,Zaragoza,Zaragoza,50297,182,42
Hospital Clínico Universitario,Zaragoza,Zaragoza,50297,244,48
Hospital Royo Villanova,Zaragoza,Zaragoza,50297,98,9
Hospital Nuestra Señora de Gracia,Zaragoza,Zaragoza,50297,41,7
Hospital General de la Defensa,Zaragoza,Zaragoza,50297,62,5
Hospital Obispo Polanco,Teruel,Teruel,44216,39,13
Hospital de Alcañiz,Alcañiz,Teruel,44013,11,0
Hospital de Barbastro,Barbastro,Huesca,22048,36,11
Hospital San Jorge,Huesca,Huesca,22125,47,11
Hospital Ernest Lluch,Calatayud,Zaragoza,50067,22,0
Hospital San José,Teruel,Teruel,44216,18,0
Centro Médico de Especialidades Cinco Villas,Ejea de los Caballeros,Zaragoza,50095,3,0
MAZ,Zaragoza,Zaragoza,50297,16,7
Hospital Viamed Montecanal,Zaragoza,Zaragoza,50297,1,0
Clínica Montpellier,Zaragoza,Zaragoza,50297,13,2
Hospital Quirón,Zaragoza,Zaragoza,50297,13,3
Hospital San Juan de Dios de Zaragoza,Zaragoza,Zaragoza,50297,16,0
Clínica Viamed Santiago,Huesca,Huesca,22125,5,0
Hospital Universitario Miguel Servet,Zaragoza,Zaragoza,50297,172,40
Hospital Clínico Universitario,Zaragoza,Zaragoza,50297,221,47
Hospital Royo Villanova,Zaragoza,Zaragoza,50297,92,9
Hospital Nuestra Señora de Gracia,Zaragoza,Zaragoza,50297,41,6
Hospital General de la Defensa,Zaragoza,Zaragoza,50297,60,4
Hospital Obispo Polanco,Teruel,Teruel,44216,33,13
Hospital de Alcañiz,Alcañiz,Teruel,44013,12,0
Hospital de Barbastro,Barbastro,Huesca,22048,35,11
Hospital San Jorge,Huesca,Huesca,22125,43,10
Hospital Ernest Lluch,Calatayud,Zaragoza,50067,27,0
Hospital San José,Teruel,Teruel,44216,14,0
Centro Médico de Especialidades Cinco Villas,Ejea de los Caballeros,Zaragoza,50095,3,0
MAZ,Zaragoza,Zaragoza,50297,17,7
Hospital Viamed Montecanal,Zaragoza,Zaragoza,50297,2,0
Clínica Montpellier,Zaragoza,Zaragoza,50297,13,3
Hospital Quirón,Zaragoza,Zaragoza,50297,13,3
Hospital San Juan de Dios de Zaragoza,Zaragoza,Zaragoza,50297,16,0
Clínica Viamed Santiago,Huesca,Huesca,22125,5,0
Hospital Universitario Miguel Servet,Zaragoza,Zaragoza,50297,178,41
Hospital Clínico Universitario,Zaragoza,Zaragoza,50297,223,50
Hospital Royo Villanova,Zaragoza,Zaragoza,50297,88,9
Hospital Nuestra Señora de Gracia,Zaragoza,Zaragoza,50297,39,7
Hospital General de la Defensa,Zaragoza,Zaragoza,50297,54,3
Hospital Obispo Polanco,Teruel,Teruel,44216,34,12
Hospital de Alcañiz,Alcañiz,Teruel,44013,12,0
Hospital de Barbastro,Barbastro,Huesca,22048,39,11
Hospital San Jorge,Huesca,Huesca,22125,43,10
Hospital Ernest Lluch,Calatayud,Zaragoza,50067,28,0
Hospital San José,Teruel,Teruel,44216,11,0
Centro Médico de Especialidades Cinco Villas,Ejea de los Caballeros,Zaragoza,50095,3,0
MAZ,Zaragoza,Zaragoza,50297,16,7
Hospital Viamed Montecanal,Zaragoza,Zaragoza,50297,4,0
Clínica Montpellier,Zaragoza,Zaragoza,50297,10,2
Hospital Quirón,Zaragoza,Zaragoza,50297,12,2
Hospital San Juan de Dios de Zaragoza,Zaragoza,Zaragoza,50297,17,0
Clínica Viamed Santiago,Huesca,Huesca,22125,5,0
Clínica El Pilar,Zaragoza,Zaragoza,50297,2,0
Hospital Universitario Miguel Servet,Zaragoza,Zaragoza,50297,181,36
Hospital Clínico Universitario,Zaragoza,Zaragoza,50297,230,47
Hospital Royo Villanova,Zaragoza,Zaragoza,50297,91,8
Hospital Nuestra Señora de Gracia,Zaragoza,Zaragoza,50297,41,6
Hospital General de la Defensa,Zaragoza,Zaragoza,50297,52,4
Hospital Obispo Polanco,Teruel,Teruel,44216,33,12
Hospital de Alcañiz,Alcañiz,Teruel,44013,11,0
Hospital de Barbastro,Barbastro,Huesca,22048,43,11
Hospital San Jorge,Huesca,Huesca,22125,45,11
Hospital Ernest Lluch,Calatayud,Zaragoza,50067,26,0
Hospital San José,Teruel,Teruel,44216,14,0
Centro Médico de Especialidades Cinco Villas,Ejea de los Caballeros,Zaragoza,50095,3,0
MAZ,Zaragoza,Zaragoza,50297,18,7
Hospital Viamed Montecanal,Zaragoza,Zaragoza,50297,3,0
Clínica Montpellier,Zaragoza,Zaragoza,50297,11,2
Hospital Quirón,Zaragoza,Zaragoza,50297,11,2
Hospital San Juan de Dios de Zaragoza,Zaragoza,Zaragoza,50297,17,0
Clínica Viamed Santiago,Huesca,Huesca,22125,4,0
Clínica El Pilar,Zaragoza,Zaragoza,50297,2,0
Hospital Universitario Miguel Servet,Zaragoza,Zaragoza,50297,187,35
Hospital Clínico Universitario,Zaragoza,Zaragoza,50297,218,43
Hospital Royo Villanova,Zaragoza,Zaragoza,50297,78,7
Hospital Nuestra Señora de Gracia,Zaragoza,Zaragoza,50297,42,6
Hospital General de la Defensa,Zaragoza,Zaragoza,50297,50,4
Hospital Obispo Polanco,Teruel,Teruel,44216,29,11
Hospital de Alcañiz,Alcañiz,Teruel,44013,12,0
Hospital de Barbastro,Barbastro,Huesca,22048,36,11
Hospital San Jorge,Huesca,Huesca,22125,46,11
Hospital Ernest Lluch,Calatayud,Zaragoza,50067,24,0
Hospital San José,Teruel,Teruel,44216,13,0
Centro Médico de Especialidades Cinco Villas,Ejea de los Caballeros,Zaragoza,50095,2,0
MAZ,Zaragoza,Zaragoza,50297,18,7
Hospital Viamed Montecanal,Zaragoza,Zaragoza,50297,1,0
Clínica Montpellier,Zaragoza,Zaragoza,50297,12,1
Hospital Quirón,Zaragoza,Zaragoza,50297,10,2
Hospital San Juan de Dios de Zaragoza,Zaragoza,Zaragoza,50297,16,0
Clínica Viamed Santiago,Huesca,Huesca,22125,2,0
Clínica El Pilar,Zaragoza,Zaragoza,50297,2,0
Hospital Universitario Miguel Servet,Zaragoza,Zaragoza,50297,170,34
Hospital Clínico Universitario,Zaragoza,Zaragoza,50297,206,40
Hospital Royo Villanova,Zaragoza,Zaragoza,50297,72,6
Hospital Nuestra Señora de Gracia,Zaragoza,Zaragoza,50297,42,5
Hospital General de la Defensa,Zaragoza,Zaragoza,50297,56,4
Hospital Obispo Polanco,Teruel,Teruel,44216,29,10
Hospital de Alcañiz,Alcañiz,Teruel,44013,10,0
Hospital de Barbastro,Barbastro,Huesca,22048,35,11
Hospital San Jorge,Huesca,Huesca,22125,42,11
Hospital Ernest Lluch,Calatayud,Zaragoza,50067,28,0
Hospital San José,Teruel,Teruel,44216,15,0
Centro Médico de Especialidades Cinco Villas,Ejea de los Caballeros,Zaragoza,50095,1,0
MAZ,Zaragoza,Zaragoza,50297,15,7
Hospital Viamed Montecanal,Zaragoza,Zaragoza,50297,2,0
Clínica Montpellier,Zaragoza,Zaragoza,50297,11,1
Hospital Quirón,Zaragoza,Zaragoza,50297,9,2
Hospital San Juan de Dios de Zaragoza,Zaragoza,Zaragoza,50297,16,0
Clínica Viamed Santiago,Huesca,Huesca,22125,3,0
Clínica El Pilar,Zaragoza,Zaragoza,50297,2,0
Hospital Universitario Miguel Servet,Zaragoza,Zaragoza,50297,169,33
Hospital Clínico Universitario,Zaragoza,Zaragoza,50297,209,41
Hospital Royo Villanova,Zaragoza,Zaragoza,50297,72,6
Hospital Nuestra Señora de Gracia,Zaragoza,Zaragoza,50297,33,4
Hospital General de la Defensa,Zaragoza,Zaragoza,50297,57,4
Hospital Obispo Polanco,Teruel,Teruel,44216,28,10
Hospital de Alcañiz,Alcañiz,Teruel,44013,10,0
Hospital de Barbastro,Barbastro,Huesca,22048,39,10
Hospital San Jorge,Huesca,Huesca,22125,41,14
Hospital Ernest Lluch,Calatayud,Zaragoza,50067,26,0
Hospital San José,Teruel,Teruel,44216,13,0
Centro Médico de Especialidades Cinco Villas,Ejea de los Caballeros,Zaragoza,50095,0,0
MAZ,Zaragoza,Zaragoza,50297,14,6
Hospital Viamed Montecanal,Zaragoza,Zaragoza,50297,2,0
Clínica Montpellier,Zaragoza,Zaragoza,50297,9,1
Hospital Quirón,Zaragoza,Zaragoza,50297,8,2
Hospital San Juan de Dios de Zaragoza,Zaragoza,Zaragoza,50297,16,0
Clínica Viamed Santiago,Huesca,Huesca,22125,3,0
Clínica El Pilar,Zaragoza,Zaragoza,50297,2,0
Hospital Universitario Miguel Servet,Zaragoza,Zaragoza,50297,161,31
Hospital Clínico Universitario,Zaragoza,Zaragoza,50297,198,39
Hospital Royo Villanova,Zaragoza,Zaragoza,50297,58,5
Hospital Nuestra Señora de Gracia,Zaragoza,Zaragoza,50297,41,5
Hospital General de la Defensa,Zaragoza,Zaragoza,50297,51,3
Hospital Obispo Polanco,Teruel,Teruel,44216,25,10
Hospital de Alcañiz,Alcañiz,Teruel,44013,9,0
Hospital de Barbastro,Barbastro,Huesca,22048,32,10
Hospital San Jorge,Huesca,Huesca,22125,40,13
Hospital Sagrado Corazón,Huesca,Huesca,22125,1,0
Hospital Ernest Lluch,Calatayud,Zaragoza,50067,25,0
Hospital San José,Teruel,Teruel,44216,15,0
Centro Médico de Especialidades Cinco Villas,Ejea de los Caballeros,Zaragoza,50095,0,0
MAZ,Zaragoza,Zaragoza,50297,14,5
Hospital Viamed Montecanal,Zaragoza,Zaragoza,50297,1,0
Clínica Montpellier,Zaragoza,Zaragoza,50297,7,1
Hospital Quirón,Zaragoza,Zaragoza,50297,8,2
Hospital San Juan de Dios de Zaragoza,Zaragoza,Zaragoza,50297,16,0
Clínica Viamed Santiago,Huesca,Huesca,22125,3,0
Clínica El Pilar,Zaragoza,Zaragoza,50297,2,0
Hospital Universitario Miguel Servet,Zaragoza,Zaragoza,50297,151,31
Hospital Clínico Universitario,Zaragoza,Zaragoza,50297,190,38
Hospital Royo Villanova,Zaragoza,Zaragoza,50297,63,5
Hospital Nuestra Señora de Gracia,Zaragoza,Zaragoza,50297,30,3
Hospital General de la Defensa,Zaragoza,Zaragoza,50297,47,3
Hospital Obispo Polanco,Teruel,Teruel,44216,23,10
Hospital de Alcañiz,Alcañiz,Teruel,44013,7,0
Hospital de Barbastro,Barbastro,Huesca,22048,29,10
Hospital San Jorge,Huesca,Huesca,22125,39,13
Hospital Sagrado Corazón,Huesca,Huesca,22125,0,0
Hospital Ernest Lluch,Calatayud,Zaragoza,50067,25,0
Hospital San José,Teruel,Teruel,44216,13,0
Centro Médico de Especialidades Cinco Villas,Ejea de los Caballeros,Zaragoza,50095,0,0
MAZ,Zaragoza,Zaragoza,50297,15,5
Hospital Viamed Montecanal,Zaragoza,Zaragoza,50297,1,0
Clínica Montpellier,Zaragoza,Zaragoza,50297,7,1
Hospital Quirón,Zaragoza,Zaragoza,50297,8,2
Hospital San Juan de Dios de Zaragoza,Zaragoza,Zaragoza,50297,15,0
Clínica Viamed Santiago,Huesca,Huesca,22125,4,0
Clínica El Pilar,Zaragoza,Zaragoza,50297,2,0
Hospital Universitario Miguel Servet,Zaragoza,Zaragoza,50297,144,31
Hospital Clínico Universitario,Zaragoza,Zaragoza,50297,197,37
Hospital Royo Villanova,Zaragoza,Zaragoza,50297,61,5
Hospital Nuestra Señora de Gracia,Zaragoza,Zaragoza,50297,34,3
Hospital General de la Defensa,Zaragoza,Zaragoza,50297,44,3
Hospital Obispo Polanco,Teruel,Teruel,44216,25,10
Hospital de Alcañiz,Alcañiz,Teruel,44013,6,0
Hospital de Barbastro,Barbastro,Huesca,22048,28,10
Hospital San Jorge,Huesca,Huesca,22125,38,12
Hospital Sagrado Corazón,Huesca,Huesca,22125,0,0
Hospital Ernest Lluch,Calatayud,Zaragoza,50067,26,0
Hospital San José,Teruel,Teruel,44216,11,0
Centro Médico de Especialidades Cinco Villas,Ejea de los Caballeros,Zaragoza,50095,0,0
MAZ,Zaragoza,Zaragoza,50297,14,5
Hospital Viamed Montecanal,Zaragoza,Zaragoza,50297,2,0
Clínica Montpellier,Zaragoza,Zaragoza,50297,9,1
Hospital Quirón,Zaragoza,Zaragoza,50297,5,1
Hospital San Juan de Dios de Zaragoza,Zaragoza,Zaragoza,50297,15,0
Clínica Viamed Santiago,Huesca,Huesca,22125,8,0
Clínica El Pilar,Zaragoza,Zaragoza,50297,2,0
Hospital Universitario Miguel Servet,Zaragoza,Zaragoza,50297,157,30
Hospital Clínico Universitario,Zaragoza,Zaragoza,50297,198,38
Hospital Royo Villanova,Zaragoza,Zaragoza,50297,60,5
Hospital Nuestra Señora de Gracia,Zaragoza,Zaragoza,50297,30,3
Hospital General de la Defensa,Zaragoza,Zaragoza,50297,46,3
Hospital Obispo Polanco,Teruel,Teruel,44216,26,10
Hospital de Alcañiz,Alcañiz,Teruel,44013,8,0
Hospital de Barbastro,Barbastro,Huesca,22048,31,11
Hospital San Jorge,Huesca,Huesca,22125,40,12
Hospital Sagrado Corazón,Huesca,Huesca,22125,1,0
Hospital Ernest Lluch,Calatayud,Zaragoza,50067,29,0
Hospital San José,Teruel,Teruel,44216,11,0
Centro Médico de Especialidades Cinco Villas,Ejea de los Caballeros,Zaragoza,50095,2,0
MAZ,Zaragoza,Zaragoza,50297,14,5
Hospital Viamed Montecanal,Zaragoza,Zaragoza,50297,2,0
Clínica Montpellier,Zaragoza,Zaragoza,50297,7,1
Hospital Quirón,Zaragoza,Zaragoza,50297,5,1
Hospital San Juan de Dios de Zaragoza,Zaragoza,Zaragoza,50297,15,0
Clínica Viamed Santiago,Huesca,Huesca,22125,8,0
Clínica El Pilar,Zaragoza,Zaragoza,50297,2,0
Hospital Universitario Miguel Servet,Zaragoza,Zaragoza,50297,154,30
Hospital Clínico Universitario,Zaragoza,Zaragoza,50297,181,35
Hospital Royo Villanova,Zaragoza,Zaragoza,50297,57,5
Hospital Nuestra Señora de Gracia,Zaragoza,Zaragoza,50297,29,3
Hospital General de la Defensa,Zaragoza,Zaragoza,50297,47,3
Hospital Obispo Polanco,Teruel,Teruel,44216,26,9
Hospital de Alcañiz,Alcañiz,Teruel,44013,8,0
Hospital de Barbastro,Barbastro,Huesca,22048,26,11
Hospital San Jorge,Huesca,Huesca,22125,39,11
Hospital Sagrado Corazón,Huesca,Huesca,22125,1,0
Hospital Ernest Lluch,Calatayud,Zaragoza,50067,24,0
Hospital San José,Teruel,Teruel,44216,12,0
Centro Médico de Especialidades Cinco Villas,Ejea de los Caballeros,Zaragoza,50095,3,0
MAZ,Zaragoza,Zaragoza,50297,13,4
Hospital Viamed Montecanal,Zaragoza,Zaragoza,50297,5,0
Clínica Montpellier,Zaragoza,Zaragoza,50297,8,1
Hospital Quirón,Zaragoza,Zaragoza,50297,4,1
Hospital San Juan de Dios de Zaragoza,Zaragoza,Zaragoza,50297,14,0
Clínica Viamed Santiago,Huesca,Huesca,22125,7,0
Clínica El Pilar,Zaragoza,Zaragoza,50297,2,0
Hospital Universitario Miguel Servet,Zaragoza,Zaragoza,50297,147,28
Hospital Clínico Universitario,Zaragoza,Zaragoza,50297,168,32
Hospital Royo Villanova,Zaragoza,Zaragoza,50297,57,4
Hospital Nuestra Señora de Gracia,Zaragoza,Zaragoza,50297,25,3
Hospital General de la Defensa,Zaragoza,Zaragoza,50297,44,2
Hospital Obispo Polanco,Teruel,Teruel,44216,21,8
Hospital de Alcañiz,Alcañiz,Teruel,44013,7,0
Hospital de Barbastro,Barbastro,Huesca,22048,28,10
Hospital San Jorge,Huesca,Huesca,22125,37,10
Hospital Sagrado Corazón,Huesca,Huesca,22125,0,0
Hospital Ernest Lluch,Calatayud,Zaragoza,50067,21,0
Hospital San José,Teruel,Teruel,44216,12,0
Centro Médico de Especialidades Cinco Villas,Ejea de los Caballeros,Zaragoza,50095,1,0
MAZ,Zaragoza,Zaragoza,50297,11,4
Hospital Viamed Montecanal,Zaragoza,Zaragoza,50297,3,0
Clínica Montpellier,Zaragoza,Zaragoza,50297,10,1
Hospital Quirón,Zaragoza,Zaragoza,50297,5,1
Hospital San Juan de Dios de Zaragoza,Zaragoza,Zaragoza,50297,14,0
Clínica Viamed Santiago,Huesca,Huesca,22125,7,0
Clínica El Pilar,Zaragoza,Zaragoza,50297,3,0
Hospital Universitario Miguel Servet,Zaragoza,Zaragoza,50297,142,27
Hospital Clínico Universitario,Zaragoza,Zaragoza,50297,162,28
Hospital Royo Villanova,Zaragoza,Zaragoza,50297,61,5
Hospital Nuestra Señora de Gracia,Zaragoza,Zaragoza,50297,26,4
Hospital General de la Defensa,Zaragoza,Zaragoza,50297,45,2
Hospital Obispo Polanco,Teruel,Teruel,44216,21,8
Hospital de Alcañiz,Alcañiz,Teruel,44013,6,0
Hospital de Barbastro,Barbastro,Huesca,22048,20,10
Hospital San Jorge,Huesca,Huesca,22125,33,10
Hospital Sagrado Corazón,Huesca,Huesca,22125,0,0
Hospital Ernest Lluch,Calatayud,Zaragoza,50067,19,0
Hospital San José,Teruel,Teruel,44216,11,0
Centro Médico de Especialidades Cinco Villas,Ejea de los Caballeros,Zaragoza,50095,1,0
MAZ,Zaragoza,Zaragoza,50297,9,4
Hospital Viamed Montecanal,Zaragoza,Zaragoza,50297,1,0
Clínica Montpellier,Zaragoza,Zaragoza,50297,9,1
Hospital Quirón,Zaragoza,Zaragoza,50297,5,1
Hospital San Juan de Dios de Zaragoza,Zaragoza,Zaragoza,50297,14,0
Clínica Viamed Santiago,Huesca,Huesca,22125,6,0
Clínica El Pilar,Zaragoza,Zaragoza,50297,3,0
Hospital Universitario Miguel Servet,Zaragoza,Zaragoza,50297,140,26
Hospital Clínico Universitario,Zaragoza,Zaragoza,50297,163,27
Hospital Royo Villanova,Zaragoza,Zaragoza,50297,54,3
Hospital Nuestra Señora de Gracia,Zaragoza,Zaragoza,50297,28,3
Hospital General de la Defensa,Zaragoza,Zaragoza,50297,48,2
Hospital Obispo Polanco,Teruel,Teruel,44216,20,8
Hospital de Alcañiz,Alcañiz,Teruel,44013,5,0
Hospital de Barbastro,Barbastro,Huesca,22048,23,9
Hospital San Jorge,Huesca,Huesca,22125,32,9
Hospital Sagrado Corazón,Huesca,Huesca,22125,0,0
Hospital Ernest Lluch,Calatayud,Zaragoza,50067,19,0
Hospital San José,Teruel,Teruel,44216,12,0
Centro Médico de Especialidades Cinco Villas,Ejea de los Caballeros,Zaragoza,50095,0,0
MAZ,Zaragoza,Zaragoza,50297,11,4
Hospital Viamed Montecanal,Zaragoza,Zaragoza,50297,1,0
Clínica Montpellier,Zaragoza,Zaragoza,50297,8,1
Hospital Quirón,Zaragoza,Zaragoza,50297,5,1
Hospital San Juan de Dios de Zaragoza,Zaragoza,Zaragoza,50297,14,0
Clínica Viamed Santiago,Huesca,Huesca,22125,6,0
Clínica El Pilar,Zaragoza,Zaragoza,50297,3,0
