"fecha";"hospital";"camas_ocupadas_total";"camas_uci_ocupadas";"municipio";"provincia";"codigo_ine";"observaciones"
2020-04-01;"Hospital Universitario Miguel Servet";260;41;"Zaragoza";"Zaragoza";50297;"Fuente Aragón Hoy"
2020-04-01;"Hospital Clínico Universitario";215;45;"Zaragoza";"Zaragoza";50297;"Fuente Aragón Hoy"
2020-04-01;"Hospital Royo Villanova";166;10;"Zaragoza";"Zaragoza";50297;"Fuente Aragón Hoy"
2020-04-01;"Hospital General de la Defensa";40;3;"Zaragoza";"Zaragoza";50297;"Fuente Aragón Hoy"
2020-04-01;"Hospital Obispo Polanco";44;8;"Teruel";"Teruel";44216;"Fuente Aragón Hoy"
2020-04-01;"Hospital de Alcañiz";52;;"Alcañiz";"Teruel";44013;"Fuente Aragón Hoy"
2020-04-01;"Hospital de Barbastro";37;5;"Barbastro";"Huesca";22048;"Fuente Aragón Hoy"
2020-04-01;"Hospital San Jorge";70;9;"Huesca";"Huesca";22125;"Fuente Aragón Hoy"
2020-04-01;"Hospital Ernest Lluch";13;;"Calatayud";"Zaragoza";50067;"Fuente Aragón Hoy"
2020-04-01;"Hospital Sagrado Corazón de Jesús";1;;"Huesca";"Huesca";22125;"Fuente Aragón Hoy"
2020-04-01;"Hospital San José";23;;"Teruel";"Teruel";44216;"Fuente Aragón Hoy"
2020-04-01;"Hospital Ejea – Cinco Villas";2;;"Ejea de los Caballeros";"Zaragoza";50095;"Fuente Aragón Hoy"
2020-04-02;"Hospital Universitario Miguel Servet";262;42;"Zaragoza";"Zaragoza";50297;"Fuente Aragón Hoy"
2020-04-02;"Hospital Clínico Universitario";216;49;"Zaragoza";"Zaragoza";50297;"Fuente Aragón Hoy"
2020-04-02;"Hospital Royo Villanova";156;10;"Zaragoza";"Zaragoza";50297;"Fuente Aragón Hoy"
2020-04-02;"Hospital Nuestra Señora de Gracia";27;7;"Zaragoza";"Zaragoza";50297;"Fuente Aragón Hoy"
2020-04-02;"Hospital General de la Defensa";41;4;"Zaragoza";"Zaragoza";50297;"Fuente Aragón Hoy"
2020-04-02;"Hospital Obispo Polanco";43;7;"Teruel";"Teruel";44216;"Fuente Aragón Hoy"
2020-04-02;"Hospital de Alcañiz";48;;"Alcañiz";"Teruel";44013;"Fuente Aragón Hoy"
2020-04-02;"Hospital de Barbastro";36;7;"Barbastro";"Huesca";22048;"Fuente Aragón Hoy"
2020-04-02;"Hospital San Jorge";72;11;"Huesca";"Huesca";22125;"Fuente Aragón Hoy"
2020-04-02;"Hospital Ernest Lluch";14;;"Calatayud";"Zaragoza";50067;"Fuente Aragón Hoy"
2020-04-02;"Hospital Sagrado Corazón de Jesús";1;;"Huesca";"Huesca";22125;"Fuente Aragón Hoy"
2020-04-02;"Hospital San José";22;;"Teruel";"Teruel";44216;"Fuente Aragón Hoy"
2020-04-02;"Hospital Ejea – Cinco Villas";1;;"Ejea de los Caballeros";"Zaragoza";50095;"Fuente Aragón Hoy"
2020-04-02;"Centro Médico de Especialidades Fraga";1;;"Fraga";"Huesca";22112;"Fuente Aragón Hoy"
2020-04-03;"Hospital Universitario Miguel Servet";269;42;"Zaragoza";"Zaragoza";50297;"Fuente Aragón Hoy"
2020-04-03;"Hospital Clínico Universitario";209;50;"Zaragoza";"Zaragoza";50297;"Fuente Aragón Hoy"
2020-04-03;"Hospital Royo Villanova";154;11;"Zaragoza";"Zaragoza";50297;"Fuente Aragón Hoy"
2020-04-03;"Hospital Nuestra Señora de Gracia";32;7;"Zaragoza";"Zaragoza";50297;"Fuente Aragón Hoy"
2020-04-03;"Hospital General de la Defensa";48;4;"Zaragoza";"Zaragoza";50297;"Fuente Aragón Hoy"
2020-04-03;"Hospital Obispo Polanco";45;7;"Teruel";"Teruel";44216;"Fuente Aragón Hoy"
2020-04-03;"Hospital de Alcañiz";46;;"Alcañiz";"Teruel";44013;"Fuente Aragón Hoy"
2020-04-03;"Hospital de Barbastro";34;8;"Barbastro";"Huesca";22048;"Fuente Aragón Hoy"
2020-04-03;"Hospital San Jorge";71;13;"Huesca";"Huesca";22125;"Fuente Aragón Hoy"
2020-04-03;"Hospital Ernest Lluch";15;;"Calatayud";"Zaragoza";50067;"Fuente Aragón Hoy"
2020-04-03;"Hospital Sagrado Corazón de Jesús";1;;"Huesca";"Huesca";22125;"Fuente Aragón Hoy"
2020-04-03;"Hospital San José";24;;"Teruel";"Teruel";44216;"Fuente Aragón Hoy"
2020-04-03;"Hospital Ejea – Cinco Villas";1;;"Ejea de los Caballeros";"Zaragoza";50095;"Fuente Aragón Hoy"
2020-04-04;"Hospital Universitario Miguel Servet";267;42;"Zaragoza";"Zaragoza";50297;"Fuente Aragón Hoy"
2020-04-04;"Hospital Clínico Universitario";280;56;"Zaragoza";"Zaragoza";50297;"Fuente Aragón Hoy"
2020-04-04;"Hospital Royo Villanova";138;11;"Zaragoza";"Zaragoza";50297;"Fuente Aragón Hoy"
2020-04-04;"Hospital Nuestra Señora de Gracia";32;7;"Zaragoza";"Zaragoza";50297;"Fuente Aragón Hoy"
2020-04-04;"Hospital General de la Defensa";38;6;"Zaragoza";"Zaragoza";50297;"Fuente Aragón Hoy"
2020-04-04;"Hospital Obispo Polanco";51;12;"Teruel";"Teruel";44216;"Fuente Aragón Hoy"
2020-04-04;"Hospital de Alcañiz";36;;"Alcañiz";"Teruel";44013;"Fuente Aragón Hoy"
2020-04-04;"Hospital de Barbastro";50;9;"Barbastro";"Huesca";22048;"Fuente Aragón Hoy"
2020-04-04;"Hospital San Jorge";80;12;"Huesca";"Huesca";22125;"Fuente Aragón Hoy"
2020-04-04;"Hospital Ernest Lluch";20;;"Calatayud";"Zaragoza";50067;"Fuente Aragón Hoy"
2020-04-04;"Hospital Sagrado Corazón de Jesús";1;;"Huesca";"Huesca";22125;"Fuente Aragón Hoy"
2020-04-04;"Hospital San José";23;;"Teruel";"Teruel";44216;"Fuente Aragón Hoy"
2020-04-04;"Hospital Ejea – Cinco Villas";3;;"Ejea de los Caballeros";"Zaragoza";50095;"Fuente Aragón Hoy"
2020-04-05;"Hospital Universitario Miguel Servet";248;42;"Zaragoza";"Zaragoza";50297;"Fuente Aragón Hoy"
2020-04-05;"Hospital Clínico Universitario";267;54;"Zaragoza";"Zaragoza";50297;"Fuente Aragón Hoy"
2020-04-05;"Hospital Royo Villanova";133;12;"Zaragoza";"Zaragoza";50297;"Fuente Aragón Hoy"
2020-04-05;"Hospital Nuestra Señora de Gracia";47;8;"Zaragoza";"Zaragoza";50297;"Fuente Aragón Hoy"
2020-04-05;"Hospital General de la Defensa";57;4;"Zaragoza";"Zaragoza";50297;"Fuente Aragón Hoy"
2020-04-05;"Hospital Obispo Polanco";41;11;"Teruel";"Teruel";44216;"Fuente Aragón Hoy"
2020-04-05;"Hospital de Alcañiz";27;;"Alcañiz";"Teruel";44013;"Fuente Aragón Hoy"
2020-04-05;"Hospital de Barbastro";45;9;"Barbastro";"Huesca";22048;"Fuente Aragón Hoy"
2020-04-05;"Hospital San Jorge";72;12;"Huesca";"Huesca";22125;"Fuente Aragón Hoy"
2020-04-05;"Hospital Ernest Lluch";24;;"Calatayud";"Zaragoza";50067;"Fuente Aragón Hoy"
2020-04-05;"Hospital San José";22;;"Teruel";"Teruel";44216;"Fuente Aragón Hoy"
2020-04-05;"Hospital Ejea – Cinco Villas";3;;"Ejea de los Caballeros";"Zaragoza";50095;"Fuente Aragón Hoy"
2020-04-05;"MAZ";19;7;"Zaragoza";"Zaragoza";50297;"Fuente Aragón Hoy"
2020-04-05;"Hospital Viamed Montecanal";5;;"Zaragoza";"Zaragoza";50297;"Fuente Aragón Hoy"
2020-04-05;"Clínica Montpellier";17;3;"Zaragoza";"Zaragoza";50297;"Fuente Aragón Hoy"
2020-04-05;"Hospital Quirón";21;4;"Zaragoza";"Zaragoza";50297;"Fuente Aragón Hoy"
2020-04-05;"Hospital San Juan de Dios de Zaragoza";9;;"Zaragoza";"Zaragoza";50297;"Fuente Aragón Hoy"
2020-04-05;"Clínica Viamed Santiago";5;;"Huesca";"Huesca";22125;"Fuente Aragón Hoy"
2020-04-06;"Hospital Universitario Miguel Servet";246;44;"Zaragoza";"Zaragoza";50297;"Fuente Aragón Hoy"
2020-04-06;"Hospital Clínico Universitario";267;51;"Zaragoza";"Zaragoza";50297;"Fuente Aragón Hoy"
2020-04-06;"Hospital Royo Villanova";136;12;"Zaragoza";"Zaragoza";50297;"Fuente Aragón Hoy"
2020-04-06;"Hospital Nuestra Señora de Gracia";38;8;"Zaragoza";"Zaragoza";50297;"Fuente Aragón Hoy"
2020-04-06;"Hospital General de la Defensa";61;4;"Zaragoza";"Zaragoza";50297;"Fuente Aragón Hoy"
2020-04-06;"Hospital Obispo Polanco";45;12;"Teruel";"Teruel";44216;"Fuente Aragón Hoy"
2020-04-06;"Hospital de Alcañiz";27;;"Alcañiz";"Teruel";44013;"Fuente Aragón Hoy"
2020-04-06;"Hospital de Barbastro";50;10;"Barbastro";"Huesca";22048;"Fuente Aragón Hoy"
2020-04-06;"Hospital San Jorge";73;12;"Huesca";"Huesca";22125;"Fuente Aragón Hoy"
2020-04-06;"Hospital Ernest Lluch";22;;"Calatayud";"Zaragoza";50067;"Fuente Aragón Hoy"
2020-04-06;"Hospital San José";22;;"Teruel";"Teruel";44216;"Fuente Aragón Hoy"
2020-04-06;"Hospital Ejea – Cinco Villas";3;;"Ejea de los Caballeros";"Zaragoza";50095;"Fuente Aragón Hoy"
2020-04-06;"MAZ";17;7;"Zaragoza";"Zaragoza";50297;"Fuente Aragón Hoy"
2020-04-06;"Hospital Viamed Montecanal";7;;"Zaragoza";"Zaragoza";50297;"Fuente Aragón Hoy"
2020-04-06;"Clínica Montpellier";13;3;"Zaragoza";"Zaragoza";50297;"Fuente Aragón Hoy"
2020-04-06;"Hospital Quirón";21;4;"Zaragoza";"Zaragoza";50297;"Fuente Aragón Hoy"
2020-04-06;"Hospital San Juan de Dios de Zaragoza";8;;"Zaragoza";"Zaragoza";50297;"Fuente Aragón Hoy"
2020-04-06;"Clínica Viamed Santiago";6;;"Huesca";"Huesca";22125;"Fuente Aragón Hoy"
2020-04-07;"Hospital Universitario Miguel Servet";249;44;"Zaragoza";"Zaragoza";50297;"Fuente Aragón Hoy"
2020-04-07;"Hospital Clínico Universitario";279;52;"Zaragoza";"Zaragoza";50297;"Fuente Aragón Hoy"
2020-04-07;"Hospital Royo Villanova";140;12;"Zaragoza";"Zaragoza";50297;"Fuente Aragón Hoy"
2020-04-07;"Hospital Nuestra Señora de Gracia";39;7;"Zaragoza";"Zaragoza";50297;"Fuente Aragón Hoy"
2020-04-07;"Hospital General de la Defensa";57;4;"Zaragoza";"Zaragoza";50297;"Fuente Aragón Hoy"
2020-04-07;"Hospital Obispo Polanco";45;11;"Teruel";"Teruel";44216;"Fuente Aragón Hoy"
2020-04-07;"Hospital de Alcañiz";25;;"Alcañiz";"Teruel";44013;"Fuente Aragón Hoy"
2020-04-07;"Hospital de Barbastro";50;11;"Barbastro";"Huesca";22048;"Fuente Aragón Hoy"
2020-04-07;"Hospital San Jorge";67;11;"Huesca";"Huesca";22125;"Fuente Aragón Hoy"
2020-04-07;"Hospital Ernest Lluch";23;;"Calatayud";"Zaragoza";50067;"Fuente Aragón Hoy"
2020-04-07;"Hospital San José";21;;"Teruel";"Teruel";44216;"Fuente Aragón Hoy"
2020-04-07;"Hospital Ejea – Cinco Villas";4;;"Ejea de los Caballeros";"Zaragoza";50095;"Fuente Aragón Hoy"
2020-04-07;"MAZ";16;7;"Zaragoza";"Zaragoza";50297;"Fuente Aragón Hoy"
2020-04-07;"Hospital Viamed Montecanal";5;;"Zaragoza";"Zaragoza";50297;"Fuente Aragón Hoy"
2020-04-07;"Clínica Montpellier";15;2;"Zaragoza";"Zaragoza";50297;"Fuente Aragón Hoy"
2020-04-07;"Hospital Quirón";20;4;"Zaragoza";"Zaragoza";50297;"Fuente Aragón Hoy"
2020-04-07;"Hospital San Juan de Dios de Zaragoza";8;;"Zaragoza";"Zaragoza";50297;"Fuente Aragón Hoy"
2020-04-07;"Clínica Viamed Santiago";6;;"Huesca";"Huesca";22125;"Fuente Aragón Hoy"
2020-04-08;"Hospital Universitario Miguel Servet";228;45;"Zaragoza";"Zaragoza";50297;"Fuente Aragón Hoy"
2020-04-08;"Hospital Clínico Universitario";270;51;"Zaragoza";"Zaragoza";50297;"Fuente Aragón Hoy"
2020-04-08;"Hospital Royo Villanova";132;10;"Zaragoza";"Zaragoza";50297;"Fuente Aragón Hoy"
2020-04-08;"Hospital Nuestra Señora de Gracia";39;8;"Zaragoza";"Zaragoza";50297;"Fuente Aragón Hoy"
2020-04-08;"Hospital General de la Defensa";59;4;"Zaragoza";"Zaragoza";50297;"Fuente Aragón Hoy"
2020-04-08;"Hospital Obispo Polanco";46;12;"Teruel";"Teruel";44216;"Fuente Aragón Hoy"
2020-04-08;"Hospital de Alcañiz";17;;"Alcañiz";"Teruel";44013;"Fuente Aragón Hoy"
2020-04-08;"Hospital de Barbastro";51;10;"Barbastro";"Huesca";22048;"Fuente Aragón Hoy"
2020-04-08;"Hospital San Jorge";71;11;"Huesca";"Huesca";22125;"Fuente Aragón Hoy"
2020-04-08;"Hospital Ernest Lluch";24;;"Calatayud";"Zaragoza";50067;"Fuente Aragón Hoy"
2020-04-08;"Hospital San José";21;;"Teruel";"Teruel";44216;"Fuente Aragón Hoy"
2020-04-08;"Hospital Ejea – Cinco Villas";4;;"Ejea de los Caballeros";"Zaragoza";50095;"Fuente Aragón Hoy"
2020-04-08;"MAZ";20;7;"Zaragoza";"Zaragoza";50297;"Fuente Aragón Hoy"
2020-04-08;"Hospital Viamed Montecanal";2;;"Zaragoza";"Zaragoza";50297;"Fuente Aragón Hoy"
2020-04-08;"Clínica Montpellier";14;2;"Zaragoza";"Zaragoza";50297;"Fuente Aragón Hoy"
2020-04-08;"Hospital Quirón";20;4;"Zaragoza";"Zaragoza";50297;"Fuente Aragón Hoy"
2020-04-08;"Hospital San Juan de Dios de Zaragoza";8;;"Zaragoza";"Zaragoza";50297;"Fuente Aragón Hoy"
2020-04-08;"Clínica Viamed Santiago";5;;"Huesca";"Huesca";22125;"Fuente Aragón Hoy"
2020-04-09;"Hospital Universitario Miguel Servet";216;45;"Zaragoza";"Zaragoza";50297;"Fuente Aragón Hoy"
2020-04-09;"Hospital Clínico Universitario";262;49;"Zaragoza";"Zaragoza";50297;"Fuente Aragón Hoy"
2020-04-09;"Hospital Royo Villanova";132;10;"Zaragoza";"Zaragoza";50297;"Fuente Aragón Hoy"
2020-04-09;"Hospital Nuestra Señora de Gracia";43;8;"Zaragoza";"Zaragoza";50297;"Fuente Aragón Hoy"
2020-04-09;"Hospital General de la Defensa";59;4;"Zaragoza";"Zaragoza";50297;"Fuente Aragón Hoy"
2020-04-09;"Hospital Obispo Polanco";39;13;"Teruel";"Teruel";44216;"Fuente Aragón Hoy"
2020-04-09;"Hospital de Alcañiz";15;;"Alcañiz";"Teruel";44013;"Fuente Aragón Hoy"
2020-04-09;"Hospital de Barbastro";45;10;"Barbastro";"Huesca";22048;"Fuente Aragón Hoy"
2020-04-09;"Hospital San Jorge";57;11;"Huesca";"Huesca";22125;"Fuente Aragón Hoy"
2020-04-09;"Hospital Ernest Lluch";23;;"Calatayud";"Zaragoza";50067;"Fuente Aragón Hoy"
2020-04-09;"Hospital San José";23;;"Teruel";"Teruel";44216;"Fuente Aragón Hoy"
2020-04-09;"Hospital Ejea – Cinco Villas";4;;"Ejea de los Caballeros";"Zaragoza";50095;"Fuente Aragón Hoy"
2020-04-09;"MAZ";17;8;"Zaragoza";"Zaragoza";50297;"Fuente Aragón Hoy"
2020-04-09;"Hospital Viamed Montecanal";1;;"Zaragoza";"Zaragoza";50297;"Fuente Aragón Hoy"
2020-04-09;"Clínica Montpellier";13;2;"Zaragoza";"Zaragoza";50297;"Fuente Aragón Hoy"
2020-04-09;"Hospital Quirón";16;3;"Zaragoza";"Zaragoza";50297;"Fuente Aragón Hoy"
2020-04-09;"Hospital San Juan de Dios de Zaragoza";9;;"Zaragoza";"Zaragoza";50297;"Fuente Aragón Hoy"
2020-04-09;"Clínica Viamed Santiago";5;;"Huesca";"Huesca";22125;"Fuente Aragón Hoy"
2020-04-10;"Hospital Universitario Miguel Servet";202;44;"Zaragoza";"Zaragoza";50297;"Fuente Aragón Hoy"
2020-04-10;"Hospital Clínico Universitario";257;47;"Zaragoza";"Zaragoza";50297;"Fuente Aragón Hoy"
2020-04-10;"Hospital Royo Villanova";120;9;"Zaragoza";"Zaragoza";50297;"Fuente Aragón Hoy"
2020-04-10;"Hospital Nuestra Señora de Gracia";35;7;"Zaragoza";"Zaragoza";50297;"Fuente Aragón Hoy"
2020-04-10;"Hospital General de la Defensa";63;4;"Zaragoza";"Zaragoza";50297;"Fuente Aragón Hoy"
2020-04-10;"Hospital Obispo Polanco";41;12;"Teruel";"Teruel";44216;"Fuente Aragón Hoy"
2020-04-10;"Hospital de Alcañiz";11;;"Alcañiz";"Teruel";44013;"Fuente Aragón Hoy"
2020-04-10;"Hospital de Barbastro";41;10;"Barbastro";"Huesca";22048;"Fuente Aragón Hoy"
2020-04-10;"Hospital San Jorge";52;11;"Huesca";"Huesca";22125;"Fuente Aragón Hoy"
2020-04-10;"Hospital Ernest Lluch";24;;"Calatayud";"Zaragoza";50067;"Fuente Aragón Hoy"
2020-04-10;"Hospital San José";22;;"Teruel";"Teruel";44216;"Fuente Aragón Hoy"
2020-04-10;"Hospital Ejea – Cinco Villas";3;;"Ejea de los Caballeros";"Zaragoza";50095;"Fuente Aragón Hoy"
2020-04-10;"MAZ";17;8;"Zaragoza";"Zaragoza";50297;"Fuente Aragón Hoy"
2020-04-10;"Hospital Viamed Montecanal";2;;"Zaragoza";"Zaragoza";50297;"Fuente Aragón Hoy"
2020-04-10;"Clínica Montpellier";12;2;"Zaragoza";"Zaragoza";50297;"Fuente Aragón Hoy"
2020-04-10;"Hospital Quirón";14;3;"Zaragoza";"Zaragoza";50297;"Fuente Aragón Hoy"
2020-04-10;"Hospital San Juan de Dios de Zaragoza";12;;"Zaragoza";"Zaragoza";50297;"Fuente Aragón Hoy"
2020-04-10;"Clínica Viamed Santiago";5;;"Huesca";"Huesca";22125;"Fuente Aragón Hoy"
2020-04-11;"Hospital Universitario Miguel Servet";182;42;"Zaragoza";"Zaragoza";50297;"Fuente Aragón Hoy"
2020-04-11;"Hospital Clínico Universitario";244;48;"Zaragoza";"Zaragoza";50297;"Fuente Aragón Hoy"
2020-04-11;"Hospital Royo Villanova";98;9;"Zaragoza";"Zaragoza";50297;"Fuente Aragón Hoy"
2020-04-11;"Hospital Nuestra Señora de Gracia";41;7;"Zaragoza";"Zaragoza";50297;"Fuente Aragón Hoy"
2020-04-11;"Hospital General de la Defensa";62;5;"Zaragoza";"Zaragoza";50297;"Fuente Aragón Hoy"
2020-04-11;"Hospital Obispo Polanco";39;13;"Teruel";"Teruel";44216;"Fuente Aragón Hoy"
2020-04-11;"Hospital de Alcañiz";11;;"Alcañiz";"Teruel";44013;"Fuente Aragón Hoy"
2020-04-11;"Hospital de Barbastro";36;11;"Barbastro";"Huesca";22048;"Fuente Aragón Hoy"
2020-04-11;"Hospital San Jorge";47;11;"Huesca";"Huesca";22125;"Fuente Aragón Hoy"
2020-04-11;"Hospital Ernest Lluch";22;;"Calatayud";"Zaragoza";50067;"Fuente Aragón Hoy"
2020-04-11;"Hospital San José";18;;"Teruel";"Teruel";44216;"Fuente Aragón Hoy"
2020-04-11;"Hospital Ejea – Cinco Villas";3;;"Ejea de los Caballeros";"Zaragoza";50095;"Fuente Aragón Hoy"
2020-04-11;"MAZ";16;7;"Zaragoza";"Zaragoza";50297;"Fuente Aragón Hoy"
2020-04-11;"Hospital Viamed Montecanal";1;;"Zaragoza";"Zaragoza";50297;"Fuente Aragón Hoy"
2020-04-11;"Clínica Montpellier";13;2;"Zaragoza";"Zaragoza";50297;"Fuente Aragón Hoy"
2020-04-11;"Hospital Quirón";13;3;"Zaragoza";"Zaragoza";50297;"Fuente Aragón Hoy"
2020-04-11;"Hospital San Juan de Dios de Zaragoza";16;;"Zaragoza";"Zaragoza";50297;"Fuente Aragón Hoy"
2020-04-11;"Clínica Viamed Santiago";5;;"Huesca";"Huesca";22125;"Fuente Aragón Hoy"
2020-04-12;"Hospital Universitario Miguel Servet";172;40;"Zaragoza";"Zaragoza";50297;"Fuente Aragón Hoy"
2020-04-12;"Hospital Clínico Universitario";221;47;"Zaragoza";"Zaragoza";50297;"Fuente Aragón Hoy"
2020-04-12;"Hospital Royo Villanova";92;9;"Zaragoza";"Zaragoza";50297;"Fuente Aragón Hoy"
2020-04-12;"Hospital Nuestra Señora de Gracia";41;6;"Zaragoza";"Zaragoza";50297;"Fuente Aragón Hoy"
2020-04-12;"Hospital General de la Defensa";60;4;"Zaragoza";"Zaragoza";50297;"Fuente Aragón Hoy"
2020-04-12;"Hospital Obispo Polanco";33;13;"Teruel";"Teruel";44216;"Fuente Aragón Hoy"
2020-04-12;"Hospital de Alcañiz";12;;"Alcañiz";"Teruel";44013;"Fuente Aragón Hoy"
2020-04-12;"Hospital de Barbastro";35;11;"Barbastro";"Huesca";22048;"Fuente Aragón Hoy"
2020-04-12;"Hospital San Jorge";43;10;"Huesca";"Huesca";22125;"Fuente Aragón Hoy"
2020-04-12;"Hospital Ernest Lluch";27;;"Calatayud";"Zaragoza";50067;"Fuente Aragón Hoy"
2020-04-12;"Hospital San José";14;;"Teruel";"Teruel";44216;"Fuente Aragón Hoy"
2020-04-12;"Hospital Ejea – Cinco Villas";3;;"Ejea de los Caballeros";"Zaragoza";50095;"Fuente Aragón Hoy"
2020-04-12;"MAZ";17;7;"Zaragoza";"Zaragoza";50297;"Fuente Aragón Hoy"
2020-04-12;"Hospital Viamed Montecanal";2;;"Zaragoza";"Zaragoza";50297;"Fuente Aragón Hoy"
2020-04-12;"Clínica Montpellier";13;3;"Zaragoza";"Zaragoza";50297;"Fuente Aragón Hoy"
2020-04-12;"Hospital Quirón";13;3;"Zaragoza";"Zaragoza";50297;"Fuente Aragón Hoy"
2020-04-12;"Hospital San Juan de Dios de Zaragoza";16;;"Zaragoza";"Zaragoza";50297;"Fuente Aragón Hoy"
2020-04-12;"Clínica Viamed Santiago";5;;"Huesca";"Huesca";22125;"Fuente Aragón Hoy"
2020-04-13;"Hospital Universitario Miguel Servet";178;41;"Zaragoza";"Zaragoza";50297;"Fuente Aragón Hoy"
2020-04-13;"Hospital Clínico Universitario";223;50;"Zaragoza";"Zaragoza";50297;"Fuente Aragón Hoy"
2020-04-13;"Hospital Royo Villanova";88;9;"Zaragoza";"Zaragoza";50297;"Fuente Aragón Hoy"
2020-04-13;"Hospital Nuestra Señora de Gracia";39;7;"Zaragoza";"Zaragoza";50297;"Fuente Aragón Hoy"
2020-04-13;"Hospital General de la Defensa";54;3;"Zaragoza";"Zaragoza";50297;"Fuente Aragón Hoy"
2020-04-13;"Hospital Obispo Polanco";34;12;"Teruel";"Teruel";44216;"Fuente Aragón Hoy"
2020-04-13;"Hospital de Alcañiz";12;;"Alcañiz";"Teruel";44013;"Fuente Aragón Hoy"
2020-04-13;"Hospital de Barbastro";39;11;"Barbastro";"Huesca";22048;"Fuente Aragón Hoy"
2020-04-13;"Hospital San Jorge";43;10;"Huesca";"Huesca";22125;"Fuente Aragón Hoy"
2020-04-13;"Hospital Ernest Lluch";28;;"Calatayud";"Zaragoza";50067;"Fuente Aragón Hoy"
2020-04-13;"Hospital San José";11;;"Teruel";"Teruel";44216;"Fuente Aragón Hoy"
2020-04-13;"Hospital Ejea – Cinco Villas";3;;"Ejea de los Caballeros";"Zaragoza";50095;"Fuente Aragón Hoy"
2020-04-13;"MAZ";16;7;"Zaragoza";"Zaragoza";50297;"Fuente Aragón Hoy"
2020-04-13;"Hospital Viamed Montecanal";4;;"Zaragoza";"Zaragoza";50297;"Fuente Aragón Hoy"
2020-04-13;"Clínica Montpellier";10;2;"Zaragoza";"Zaragoza";50297;"Fuente Aragón Hoy"
2020-04-13;"Hospital Quirón";12;2;"Zaragoza";"Zaragoza";50297;"Fuente Aragón Hoy"
2020-04-13;"Hospital San Juan de Dios de Zaragoza";17;;"Zaragoza";"Zaragoza";50297;"Fuente Aragón Hoy"
2020-04-13;"Clínica Viamed Santiago";5;;"Huesca";"Huesca";22125;"Fuente Aragón Hoy"
2020-04-13;"Clínica El Pilar";2;;"Zaragoza";"Zaragoza";50297;"Fuente Aragón Hoy"
2020-04-14;"Hospital Universitario Miguel Servet";181;36;"Zaragoza";"Zaragoza";50297;"Fuente Aragón Hoy"
2020-04-14;"Hospital Clínico Universitario";230;47;"Zaragoza";"Zaragoza";50297;"Fuente Aragón Hoy"
2020-04-14;"Hospital Royo Villanova";91;8;"Zaragoza";"Zaragoza";50297;"Fuente Aragón Hoy"
2020-04-14;"Hospital Nuestra Señora de Gracia";41;6;"Zaragoza";"Zaragoza";50297;"Fuente Aragón Hoy"
2020-04-14;"Hospital General de la Defensa";52;4;"Zaragoza";"Zaragoza";50297;"Fuente Aragón Hoy"
2020-04-14;"Hospital Obispo Polanco";33;12;"Teruel";"Teruel";44216;"Fuente Aragón Hoy"
2020-04-14;"Hospital de Alcañiz";11;;"Alcañiz";"Teruel";44013;"Fuente Aragón Hoy"
2020-04-14;"Hospital de Barbastro";43;11;"Barbastro";"Huesca";22048;"Fuente Aragón Hoy"
2020-04-14;"Hospital San Jorge";45;11;"Huesca";"Huesca";22125;"Fuente Aragón Hoy"
2020-04-14;"Hospital Ernest Lluch";26;;"Calatayud";"Zaragoza";50067;"Fuente Aragón Hoy"
2020-04-14;"Hospital San José";14;;"Teruel";"Teruel";44216;"Fuente Aragón Hoy"
2020-04-14;"Hospital Ejea – Cinco Villas";3;;"Ejea de los Caballeros";"Zaragoza";50095;"Fuente Aragón Hoy"
2020-04-14;"MAZ";18;7;"Zaragoza";"Zaragoza";50297;"Fuente Aragón Hoy"
2020-04-14;"Hospital Viamed Montecanal";3;;"Zaragoza";"Zaragoza";50297;"Fuente Aragón Hoy"
2020-04-14;"Clínica Montpellier";11;2;"Zaragoza";"Zaragoza";50297;"Fuente Aragón Hoy"
2020-04-14;"Hospital Quirón";11;2;"Zaragoza";"Zaragoza";50297;"Fuente Aragón Hoy"
2020-04-14;"Hospital San Juan de Dios de Zaragoza";17;;"Zaragoza";"Zaragoza";50297;"Fuente Aragón Hoy"
2020-04-14;"Clínica Viamed Santiago";4;;"Huesca";"Huesca";22125;"Fuente Aragón Hoy"
2020-04-14;"Clínica El Pilar";2;;"Zaragoza";"Zaragoza";50297;"Fuente Aragón Hoy"
2020-04-15;"Hospital Universitario Miguel Servet";187;35;"Zaragoza";"Zaragoza";50297;"Fuente Aragón Hoy"
2020-04-15;"Hospital Clínico Universitario";218;43;"Zaragoza";"Zaragoza";50297;"Fuente Aragón Hoy"
2020-04-15;"Hospital Royo Villanova";78;7;"Zaragoza";"Zaragoza";50297;"Fuente Aragón Hoy"
2020-04-15;"Hospital Nuestra Señora de Gracia";42;6;"Zaragoza";"Zaragoza";50297;"Fuente Aragón Hoy"
2020-04-15;"Hospital General de la Defensa";50;4;"Zaragoza";"Zaragoza";50297;"Fuente Aragón Hoy"
2020-04-15;"Hospital Obispo Polanco";29;11;"Teruel";"Teruel";44216;"Fuente Aragón Hoy"
2020-04-15;"Hospital de Alcañiz";12;;"Alcañiz";"Teruel";44013;"Fuente Aragón Hoy"
2020-04-15;"Hospital de Barbastro";36;11;"Barbastro";"Huesca";22048;"Fuente Aragón Hoy"
2020-04-15;"Hospital San Jorge";46;11;"Huesca";"Huesca";22125;"Fuente Aragón Hoy"
2020-04-15;"Hospital Ernest Lluch";24;;"Calatayud";"Zaragoza";50067;"Fuente Aragón Hoy"
2020-04-15;"Hospital San José";13;;"Teruel";"Teruel";44216;"Fuente Aragón Hoy"
2020-04-15;"Hospital Ejea – Cinco Villas";2;;"Ejea de los Caballeros";"Zaragoza";50095;"Fuente Aragón Hoy"
2020-04-15;"MAZ";18;7;"Zaragoza";"Zaragoza";50297;"Fuente Aragón Hoy"
2020-04-15;"Hospital Viamed Montecanal";1;;"Zaragoza";"Zaragoza";50297;"Fuente Aragón Hoy"
2020-04-15;"Clínica Montpellier";12;1;"Zaragoza";"Zaragoza";50297;"Fuente Aragón Hoy"
2020-04-15;"Hospital Quirón";10;2;"Zaragoza";"Zaragoza";50297;"Fuente Aragón Hoy"
2020-04-15;"Hospital San Juan de Dios de Zaragoza";16;;"Zaragoza";"Zaragoza";50297;"Fuente Aragón Hoy"
2020-04-15;"Clínica Viamed Santiago";2;;"Huesca";"Huesca";22125;"Fuente Aragón Hoy"
2020-04-15;"Clínica El Pilar";2;;"Zaragoza";"Zaragoza";50297;"Fuente Aragón Hoy"
2020-04-16;"Hospital Universitario Miguel Servet";170;34;"Zaragoza";"Zaragoza";50297;"Fuente Aragón Hoy"
2020-04-16;"Hospital Clínico Universitario";206;40;"Zaragoza";"Zaragoza";50297;"Fuente Aragón Hoy"
2020-04-16;"Hospital Royo Villanova";72;6;"Zaragoza";"Zaragoza";50297;"Fuente Aragón Hoy"
2020-04-16;"Hospital Nuestra Señora de Gracia";42;5;"Zaragoza";"Zaragoza";50297;"Fuente Aragón Hoy"
2020-04-16;"Hospital General de la Defensa";56;4;"Zaragoza";"Zaragoza";50297;"Fuente Aragón Hoy"
2020-04-16;"Hospital Obispo Polanco";29;10;"Teruel";"Teruel";44216;"Fuente Aragón Hoy"
2020-04-16;"Hospital de Alcañiz";10;;"Alcañiz";"Teruel";44013;"Fuente Aragón Hoy"
2020-04-16;"Hospital de Barbastro";35;11;"Barbastro";"Huesca";22048;"Fuente Aragón Hoy"
2020-04-16;"Hospital San Jorge";42;11;"Huesca";"Huesca";22125;"Fuente Aragón Hoy"
2020-04-16;"Hospital Ernest Lluch";28;;"Calatayud";"Zaragoza";50067;"Fuente Aragón Hoy"
2020-04-16;"Hospital San José";15;;"Teruel";"Teruel";44216;"Fuente Aragón Hoy"
2020-04-16;"Hospital Ejea – Cinco Villas";1;;"Ejea de los Caballeros";"Zaragoza";50095;"Fuente Aragón Hoy"
2020-04-16;"MAZ";15;7;"Zaragoza";"Zaragoza";50297;"Fuente Aragón Hoy"
2020-04-16;"Hospital Viamed Montecanal";2;;"Zaragoza";"Zaragoza";50297;"Fuente Aragón Hoy"
2020-04-16;"Clínica Montpellier";11;1;"Zaragoza";"Zaragoza";50297;"Fuente Aragón Hoy"
2020-04-16;"Hospital Quirón";9;2;"Zaragoza";"Zaragoza";50297;"Fuente Aragón Hoy"
2020-04-16;"Hospital San Juan de Dios de Zaragoza";16;;"Zaragoza";"Zaragoza";50297;"Fuente Aragón Hoy"
2020-04-16;"Clínica Viamed Santiago";3;;"Huesca";"Huesca";22125;"Fuente Aragón Hoy"
2020-04-16;"Clínica El Pilar";2;;"Zaragoza";"Zaragoza";50297;"Fuente Aragón Hoy"
2020-04-17;"Hospital Universitario Miguel Servet";169;33;"Zaragoza";"Zaragoza";50297;"Fuente Aragón Hoy"
2020-04-17;"Hospital Clínico Universitario";209;41;"Zaragoza";"Zaragoza";50297;"Fuente Aragón Hoy"
2020-04-17;"Hospital Royo Villanova";72;6;"Zaragoza";"Zaragoza";50297;"Fuente Aragón Hoy"
2020-04-17;"Hospital Nuestra Señora de Gracia";33;4;"Zaragoza";"Zaragoza";50297;"Fuente Aragón Hoy"
2020-04-17;"Hospital General de la Defensa";57;4;"Zaragoza";"Zaragoza";50297;"Fuente Aragón Hoy"
2020-04-17;"Hospital Obispo Polanco";28;10;"Teruel";"Teruel";44216;"Fuente Aragón Hoy"
2020-04-17;"Hospital de Alcañiz";10;;"Alcañiz";"Teruel";44013;"Fuente Aragón Hoy"
2020-04-17;"Hospital de Barbastro";39;10;"Barbastro";"Huesca";22048;"Fuente Aragón Hoy"
2020-04-17;"Hospital San Jorge";41;14;"Huesca";"Huesca";22125;"Fuente Aragón Hoy"
2020-04-17;"Hospital Ernest Lluch";26;;"Calatayud";"Zaragoza";50067;"Fuente Aragón Hoy"
2020-04-17;"Hospital San José";13;;"Teruel";"Teruel";44216;"Fuente Aragón Hoy"
2020-04-17;"Hospital Ejea – Cinco Villas";;;"Ejea de los Caballeros";"Zaragoza";50095;"Fuente Aragón Hoy"
2020-04-17;"MAZ";14;6;"Zaragoza";"Zaragoza";50297;"Fuente Aragón Hoy"
2020-04-17;"Hospital Viamed Montecanal";2;;"Zaragoza";"Zaragoza";50297;"Fuente Aragón Hoy"
2020-04-17;"Clínica Montpellier";9;1;"Zaragoza";"Zaragoza";50297;"Fuente Aragón Hoy"
2020-04-17;"Hospital Quirón";8;2;"Zaragoza";"Zaragoza";50297;"Fuente Aragón Hoy"
2020-04-17;"Hospital San Juan de Dios de Zaragoza";16;;"Zaragoza";"Zaragoza";50297;"Fuente Aragón Hoy"
2020-04-17;"Clínica Viamed Santiago";3;;"Huesca";"Huesca";22125;"Fuente Aragón Hoy"
2020-04-17;"Clínica El Pilar";2;;"Zaragoza";"Zaragoza";50297;"Fuente Aragón Hoy"
2020-04-18;"Hospital Universitario Miguel Servet";161;31;"Zaragoza";"Zaragoza";50297;"Fuente Aragón Hoy"
2020-04-18;"Hospital Clínico Universitario";198;39;"Zaragoza";"Zaragoza";50297;"Fuente Aragón Hoy"
2020-04-18;"Hospital Royo Villanova";58;5;"Zaragoza";"Zaragoza";50297;"Fuente Aragón Hoy"
2020-04-18;"Hospital Nuestra Señora de Gracia";41;5;"Zaragoza";"Zaragoza";50297;"Fuente Aragón Hoy"
2020-04-18;"Hospital General de la Defensa";51;3;"Zaragoza";"Zaragoza";50297;"Fuente Aragón Hoy"
2020-04-18;"Hospital Obispo Polanco";25;10;"Teruel";"Teruel";44216;"Fuente Aragón Hoy"
2020-04-18;"Hospital de Alcañiz";9;;"Alcañiz";"Teruel";44013;"Fuente Aragón Hoy"
2020-04-18;"Hospital de Barbastro";32;10;"Barbastro";"Huesca";22048;"Fuente Aragón Hoy"
2020-04-18;"Hospital San Jorge";40;13;"Huesca";"Huesca";22125;"Fuente Aragón Hoy"
2020-04-01;"Hospital Sagrado Corazón";1;;"Huesca";"Huesca";22125;"Fuente Aragón Hoy"
2020-04-18;"Hospital Ernest Lluch";25;;"Calatayud";"Zaragoza";50067;"Fuente Aragón Hoy"
2020-04-18;"Hospital San José";15;;"Teruel";"Teruel";44216;"Fuente Aragón Hoy"
2020-04-18;"Hospital Ejea – Cinco Villas";;;"Ejea de los Caballeros";"Zaragoza";50095;"Fuente Aragón Hoy"
2020-04-18;"MAZ";14;5;"Zaragoza";"Zaragoza";50297;"Fuente Aragón Hoy"
2020-04-18;"Hospital Viamed Montecanal";1;;"Zaragoza";"Zaragoza";50297;"Fuente Aragón Hoy"
2020-04-18;"Clínica Montpellier";7;1;"Zaragoza";"Zaragoza";50297;"Fuente Aragón Hoy"
2020-04-18;"Hospital Quirón";8;2;"Zaragoza";"Zaragoza";50297;"Fuente Aragón Hoy"
2020-04-18;"Hospital San Juan de Dios de Zaragoza";16;;"Zaragoza";"Zaragoza";50297;"Fuente Aragón Hoy"
2020-04-18;"Clínica Viamed Santiago";3;;"Huesca";"Huesca";22125;"Fuente Aragón Hoy"
2020-04-18;"Clínica El Pilar";2;;"Zaragoza";"Zaragoza";50297;"Fuente Aragón Hoy"
2020-04-19;"Hospital Universitario Miguel Servet";151;31;"Zaragoza";"Zaragoza";50297;"Fuente Aragón Hoy"
2020-04-19;"Hospital Clínico Universitario";190;38;"Zaragoza";"Zaragoza";50297;"Fuente Aragón Hoy"
2020-04-19;"Hospital Royo Villanova";63;5;"Zaragoza";"Zaragoza";50297;"Fuente Aragón Hoy"
2020-04-19;"Hospital Nuestra Señora de Gracia";30;3;"Zaragoza";"Zaragoza";50297;"Fuente Aragón Hoy"
2020-04-19;"Hospital General de la Defensa";47;3;"Zaragoza";"Zaragoza";50297;"Fuente Aragón Hoy"
2020-04-19;"Hospital Obispo Polanco";23;10;"Teruel";"Teruel";44216;"Fuente Aragón Hoy"
2020-04-19;"Hospital de Alcañiz";7;;"Alcañiz";"Teruel";44013;"Fuente Aragón Hoy"
2020-04-19;"Hospital de Barbastro";29;10;"Barbastro";"Huesca";22048;"Fuente Aragón Hoy"
2020-04-19;"Hospital San Jorge";39;13;"Huesca";"Huesca";22125;"Fuente Aragón Hoy"
2020-04-19;"Hospital Sagrado Corazón";;;"Huesca";"Huesca";22125;"Fuente Aragón Hoy"
2020-04-19;"Hospital Ernest Lluch";25;;"Calatayud";"Zaragoza";50067;"Fuente Aragón Hoy"
2020-04-19;"Hospital San José";13;;"Teruel";"Teruel";44216;"Fuente Aragón Hoy"
2020-04-19;"Hospital Ejea – Cinco Villas";;;"Ejea de los Caballeros";"Zaragoza";50095;"Fuente Aragón Hoy"
2020-04-19;"MAZ";15;5;"Zaragoza";"Zaragoza";50297;"Fuente Aragón Hoy"
2020-04-19;"Hospital Viamed Montecanal";1;;"Zaragoza";"Zaragoza";50297;"Fuente Aragón Hoy"
2020-04-19;"Clínica Montpellier";7;1;"Zaragoza";"Zaragoza";50297;"Fuente Aragón Hoy"
2020-04-19;"Hospital Quirón";8;2;"Zaragoza";"Zaragoza";50297;"Fuente Aragón Hoy"
2020-04-19;"Hospital San Juan de Dios de Zaragoza";15;;"Zaragoza";"Zaragoza";50297;"Fuente Aragón Hoy"
2020-04-19;"Clínica Viamed Santiago";4;;"Huesca";"Huesca";22125;"Fuente Aragón Hoy"
2020-04-19;"Clínica El Pilar";2;;"Zaragoza";"Zaragoza";50297;"Fuente Aragón Hoy"
2020-04-20;"Hospital Universitario Miguel Servet";144;31;"Zaragoza";"Zaragoza";50297;"Fuente Aragón Hoy"
2020-04-20;"Hospital Clínico Universitario";197;37;"Zaragoza";"Zaragoza";50297;"Fuente Aragón Hoy"
2020-04-20;"Hospital Royo Villanova";61;5;"Zaragoza";"Zaragoza";50297;"Fuente Aragón Hoy"
2020-04-20;"Hospital Nuestra Señora de Gracia";34;3;"Zaragoza";"Zaragoza";50297;"Fuente Aragón Hoy"
2020-04-20;"Hospital General de la Defensa";44;3;"Zaragoza";"Zaragoza";50297;"Fuente Aragón Hoy"
2020-04-20;"Hospital Obispo Polanco";25;10;"Teruel";"Teruel";44216;"Fuente Aragón Hoy"
2020-04-20;"Hospital de Alcañiz";6;;"Alcañiz";"Teruel";44013;"Fuente Aragón Hoy"
2020-04-20;"Hospital de Barbastro";28;10;"Barbastro";"Huesca";22048;"Fuente Aragón Hoy"
2020-04-20;"Hospital San Jorge";38;12;"Huesca";"Huesca";22125;"Fuente Aragón Hoy"
2020-04-20;"Hospital Sagrado Corazón";;;"Huesca";"Huesca";22125;"Fuente Aragón Hoy"
2020-04-20;"Hospital Ernest Lluch";26;;"Calatayud";"Zaragoza";50067;"Fuente Aragón Hoy"
2020-04-20;"Hospital San José";11;;"Teruel";"Teruel";44216;"Fuente Aragón Hoy"
2020-04-20;"Hospital Ejea – Cinco Villas";;;"Ejea de los Caballeros";"Zaragoza";50095;"Fuente Aragón Hoy"
2020-04-20;"MAZ";14;5;"Zaragoza";"Zaragoza";50297;"Fuente Aragón Hoy"
2020-04-20;"Hospital Viamed Montecanal";2;;"Zaragoza";"Zaragoza";50297;"Fuente Aragón Hoy"
2020-04-20;"Clínica Montpellier";9;1;"Zaragoza";"Zaragoza";50297;"Fuente Aragón Hoy"
2020-04-20;"Hospital Quirón";5;1;"Zaragoza";"Zaragoza";50297;"Fuente Aragón Hoy"
2020-04-20;"Hospital San Juan de Dios de Zaragoza";15;;"Zaragoza";"Zaragoza";50297;"Fuente Aragón Hoy"
2020-04-20;"Clínica Viamed Santiago";8;;"Huesca";"Huesca";22125;"Fuente Aragón Hoy"
2020-04-20;"Clínica El Pilar";2;;"Zaragoza";"Zaragoza";50297;"Fuente Aragón Hoy"
2020-04-21;"Hospital Universitario Miguel Servet";157;30;"Zaragoza";"Zaragoza";50297;"Fuente Aragón Hoy"
2020-04-21;"Hospital Clínico Universitario";198;38;"Zaragoza";"Zaragoza";50297;"Fuente Aragón Hoy"
2020-04-21;"Hospital Royo Villanova";60;5;"Zaragoza";"Zaragoza";50297;"Fuente Aragón Hoy"
2020-04-21;"Hospital Nuestra Señora de Gracia";30;3;"Zaragoza";"Zaragoza";50297;"Fuente Aragón Hoy"
2020-04-21;"Hospital General de la Defensa";46;3;"Zaragoza";"Zaragoza";50297;"Fuente Aragón Hoy"
2020-04-21;"Hospital Obispo Polanco";26;10;"Teruel";"Teruel";44216;"Fuente Aragón Hoy"
2020-04-21;"Hospital de Alcañiz";8;0;"Alcañiz";"Teruel";44013;"Fuente Aragón Hoy"
2020-04-21;"Hospital de Barbastro";31;11;"Barbastro";"Huesca";22048;"Fuente Aragón Hoy"
2020-04-21;"Hospital San Jorge";40;12;"Huesca";"Huesca";22125;"Fuente Aragón Hoy"
2020-04-21;"Hospital Sagrado Corazón";1;0;"Huesca";"Huesca";22125;"Fuente Aragón Hoy"
2020-04-21;"Hospital Ernest Lluch";29;0;"Calatayud";"Zaragoza";50067;"Fuente Aragón Hoy"
2020-04-21;"Hospital San José";11;0;"Teruel";"Teruel";44216;"Fuente Aragón Hoy"
2020-04-21;"Hospital Ejea – Cinco Villas";2;0;"Ejea de los Caballeros";"Zaragoza";50095;"Fuente Aragón Hoy"
2020-04-21;"MAZ";14;5;"Zaragoza";"Zaragoza";50297;"Fuente Aragón Hoy"
2020-04-21;"Hospital Viamed Montecanal";2;0;"Zaragoza";"Zaragoza";50297;"Fuente Aragón Hoy"
2020-04-21;"Clínica Montpellier";7;1;"Zaragoza";"Zaragoza";50297;"Fuente Aragón Hoy"
2020-04-21;"Hospital Quirón";5;1;"Zaragoza";"Zaragoza";50297;"Fuente Aragón Hoy"
2020-04-21;"Hospital San Juan de Dios de Zaragoza";15;0;"Zaragoza";"Zaragoza";50297;"Fuente Aragón Hoy"
2020-04-21;"Clínica Viamed Santiago";8;0;"Huesca";"Huesca";22125;"Fuente Aragón Hoy"
2020-04-21;"Clínica El Pilar";2;0;"Zaragoza";"Zaragoza";50297;"Fuente Aragón Hoy"
2020-04-22;"Hospital Universitario Miguel Servet";154;30;"Zaragoza";"Zaragoza";50297;"Fuente Aragón Hoy"
2020-04-22;"Hospital Clínico Universitario";181;35;"Zaragoza";"Zaragoza";50297;"Fuente Aragón Hoy"
2020-04-22;"Hospital Royo Villanova";57;5;"Zaragoza";"Zaragoza";50297;"Fuente Aragón Hoy"
2020-04-22;"Hospital Nuestra Señora de Gracia";29;3;"Zaragoza";"Zaragoza";50297;"Fuente Aragón Hoy"
2020-04-22;"Hospital General de la Defensa";47;3;"Zaragoza";"Zaragoza";50297;"Fuente Aragón Hoy"
2020-04-22;"Hospital Obispo Polanco";26;9;"Teruel";"Teruel";44216;"Fuente Aragón Hoy"
2020-04-22;"Hospital de Alcañiz";8;;"Alcañiz";"Teruel";44013;"Fuente Aragón Hoy"
2020-04-22;"Hospital de Barbastro";26;11;"Barbastro";"Huesca";22048;"Fuente Aragón Hoy"
2020-04-22;"Hospital San Jorge";39;11;"Huesca";"Huesca";22125;"Fuente Aragón Hoy"
2020-04-22;"Hospital Sagrado Corazón";1;;"Huesca";"Huesca";22125;"Fuente Aragón Hoy"
2020-04-22;"Hospital Ernest Lluch";24;;"Calatayud";"Zaragoza";50067;"Fuente Aragón Hoy"
2020-04-22;"Hospital San José";12;;"Teruel";"Teruel";44216;"Fuente Aragón Hoy"
2020-04-22;"Hospital Ejea – Cinco Villas";3;;"Ejea de los Caballeros";"Zaragoza";50095;"Fuente Aragón Hoy"
2020-04-22;"MAZ";13;4;"Zaragoza";"Zaragoza";50297;"Fuente Aragón Hoy"
2020-04-22;"Hospital Viamed Montecanal";5;;"Zaragoza";"Zaragoza";50297;"Fuente Aragón Hoy"
2020-04-22;"Clínica Montpellier";8;1;"Zaragoza";"Zaragoza";50297;"Fuente Aragón Hoy"
2020-04-22;"Hospital Quirón";4;1;"Zaragoza";"Zaragoza";50297;"Fuente Aragón Hoy"
2020-04-22;"Hospital San Juan de Dios de Zaragoza";14;;"Zaragoza";"Zaragoza";50297;"Fuente Aragón Hoy"
2020-04-22;"Clínica Viamed Santiago";7;;"Huesca";"Huesca";22125;"Fuente Aragón Hoy"
2020-04-22;"Clínica El Pilar";2;;"Zaragoza";"Zaragoza";50297;"Fuente Aragón Hoy"
2020-04-23;"Hospital Universitario Miguel Servet";147;28;"Zaragoza";"Zaragoza";50297;"Fuente Aragón Hoy"
2020-04-23;"Hospital Clínico Universitario";168;32;"Zaragoza";"Zaragoza";50297;"Fuente Aragón Hoy"
2020-04-23;"Hospital Royo Villanova";57;4;"Zaragoza";"Zaragoza";50297;"Fuente Aragón Hoy"
2020-04-23;"Hospital Nuestra Señora de Gracia";25;3;"Zaragoza";"Zaragoza";50297;"Fuente Aragón Hoy"
2020-04-23;"Hospital General de la Defensa";44;2;"Zaragoza";"Zaragoza";50297;"Fuente Aragón Hoy"
2020-04-23;"Hospital Obispo Polanco";21;8;"Teruel";"Teruel";44216;"Fuente Aragón Hoy"
2020-04-23;"Hospital de Alcañiz";7;;"Alcañiz";"Teruel";44013;"Fuente Aragón Hoy"
2020-04-23;"Hospital de Barbastro";28;10;"Barbastro";"Huesca";22048;"Fuente Aragón Hoy"
2020-04-23;"Hospital San Jorge";37;10;"Huesca";"Huesca";22125;"Fuente Aragón Hoy"
2020-04-23;"Hospital Sagrado Corazón";;;"Huesca";"Huesca";22125;"Fuente Aragón Hoy"
2020-04-23;"Hospital Ernest Lluch";21;;"Calatayud";"Zaragoza";50067;"Fuente Aragón Hoy"
2020-04-23;"Hospital San José";12;;"Teruel";"Teruel";44216;"Fuente Aragón Hoy"
2020-04-23;"Hospital Ejea – Cinco Villas";1;;"Ejea de los Caballeros";"Zaragoza";50095;"Fuente Aragón Hoy"
2020-04-23;"MAZ";11;4;"Zaragoza";"Zaragoza";50297;"Fuente Aragón Hoy"
2020-04-23;"Hospital Viamed Montecanal";3;;"Zaragoza";"Zaragoza";50297;"Fuente Aragón Hoy"
2020-04-23;"Clínica Montpellier";10;1;"Zaragoza";"Zaragoza";50297;"Fuente Aragón Hoy"
2020-04-23;"Hospital Quirón";5;1;"Zaragoza";"Zaragoza";50297;"Fuente Aragón Hoy"
2020-04-23;"Hospital San Juan de Dios de Zaragoza";14;;"Zaragoza";"Zaragoza";50297;"Fuente Aragón Hoy"
2020-04-23;"Clínica Viamed Santiago";7;;"Huesca";"Huesca";22125;"Fuente Aragón Hoy"
2020-04-23;"Clínica El Pilar";3;;"Zaragoza";"Zaragoza";50297;"Fuente Aragón Hoy"
2020-04-24;"Hospital Universitario Miguel Servet";142;27;"Zaragoza";"Zaragoza";50297;"Fuente Aragón Hoy"
2020-04-24;"Hospital Clínico Universitario";162;28;"Zaragoza";"Zaragoza";50297;"Fuente Aragón Hoy"
2020-04-24;"Hospital Royo Villanova";61;5;"Zaragoza";"Zaragoza";50297;"Fuente Aragón Hoy"
2020-04-24;"Hospital Nuestra Señora de Gracia";26;4;"Zaragoza";"Zaragoza";50297;"Fuente Aragón Hoy"
2020-04-24;"Hospital General de la Defensa";45;2;"Zaragoza";"Zaragoza";50297;"Fuente Aragón Hoy"
2020-04-24;"Hospital Obispo Polanco";21;8;"Teruel";"Teruel";44216;"Fuente Aragón Hoy"
2020-04-24;"Hospital de Alcañiz";6;;"Alcañiz";"Teruel";44013;"Fuente Aragón Hoy"
2020-04-24;"Hospital de Barbastro";20;10;"Barbastro";"Huesca";22048;"Fuente Aragón Hoy"
2020-04-24;"Hospital San Jorge";33;10;"Huesca";"Huesca";22125;"Fuente Aragón Hoy"
2020-04-24;"Hospital Sagrado Corazón";;;"Huesca";"Huesca";22125;"Fuente Aragón Hoy"
2020-04-24;"Hospital Ernest Lluch";19;;"Calatayud";"Zaragoza";50067;"Fuente Aragón Hoy"
2020-04-24;"Hospital San José";11;;"Teruel";"Teruel";44216;"Fuente Aragón Hoy"
2020-04-24;"Hospital Ejea – Cinco Villas";1;;"Ejea de los Caballeros";"Zaragoza";50095;"Fuente Aragón Hoy"
2020-04-24;"MAZ";9;4;"Zaragoza";"Zaragoza";50297;"Fuente Aragón Hoy"
2020-04-24;"Hospital Viamed Montecanal";1;;"Zaragoza";"Zaragoza";50297;"Fuente Aragón Hoy"
2020-04-24;"Clínica Montpellier";9;1;"Zaragoza";"Zaragoza";50297;"Fuente Aragón Hoy"
2020-04-24;"Hospital Quirón";5;1;"Zaragoza";"Zaragoza";50297;"Fuente Aragón Hoy"
2020-04-24;"Hospital San Juan de Dios de Zaragoza";14;;"Zaragoza";"Zaragoza";50297;"Fuente Aragón Hoy"
2020-04-24;"Clínica Viamed Santiago";6;;"Huesca";"Huesca";22125;"Fuente Aragón Hoy"
2020-04-24;"Clínica El Pilar";3;;"Zaragoza";"Zaragoza";50297;"Fuente Aragón Hoy"
2020-04-25;"Hospital Universitario Miguel Servet";140;26;"Zaragoza";"Zaragoza";50297;"Fuente Aragón Hoy"
2020-04-25;"Hospital Clínico Universitario";163;27;"Zaragoza";"Zaragoza";50297;"Fuente Aragón Hoy"
2020-04-25;"Hospital Royo Villanova";54;3;"Zaragoza";"Zaragoza";50297;"Fuente Aragón Hoy"
2020-04-25;"Hospital Nuestra Señora de Gracia";28;3;"Zaragoza";"Zaragoza";50297;"Fuente Aragón Hoy"
2020-04-25;"Hospital General de la Defensa";48;2;"Zaragoza";"Zaragoza";50297;"Fuente Aragón Hoy"
2020-04-25;"Hospital Obispo Polanco";20;8;"Teruel";"Teruel";44216;"Fuente Aragón Hoy"
2020-04-25;"Hospital de Alcañiz";5;;"Alcañiz";"Teruel";44013;"Fuente Aragón Hoy"
2020-04-25;"Hospital de Barbastro";23;9;"Barbastro";"Huesca";22048;"Fuente Aragón Hoy"
2020-04-25;"Hospital San Jorge";32;9;"Huesca";"Huesca";22125;"Fuente Aragón Hoy"
2020-04-25;"Hospital Sagrado Corazón";;;"Huesca";"Huesca";22125;"Fuente Aragón Hoy"
2020-04-25;"Hospital Ernest Lluch";19;;"Calatayud";"Zaragoza";50067;"Fuente Aragón Hoy"
2020-04-25;"Hospital San José";12;;"Teruel";"Teruel";44216;"Fuente Aragón Hoy"
2020-04-25;"Hospital Ejea – Cinco Villas";;;"Ejea de los Caballeros";"Zaragoza";50095;"Fuente Aragón Hoy"
2020-04-25;"MAZ";11;4;"Zaragoza";"Zaragoza";50297;"Fuente Aragón Hoy"
2020-04-25;"Hospital Viamed Montecanal";1;;"Zaragoza";"Zaragoza";50297;"Fuente Aragón Hoy"
2020-04-25;"Clínica Montpellier";8;1;"Zaragoza";"Zaragoza";50297;"Fuente Aragón Hoy"
2020-04-25;"Hospital Quirón";5;1;"Zaragoza";"Zaragoza";50297;"Fuente Aragón Hoy"
2020-04-25;"Hospital San Juan de Dios de Zaragoza";14;;"Zaragoza";"Zaragoza";50297;"Fuente Aragón Hoy"
2020-04-25;"Clínica Viamed Santiago";6;;"Huesca";"Huesca";22125;"Fuente Aragón Hoy"
2020-04-25;"Clínica El Pilar";3;;"Zaragoza";"Zaragoza";50297;"Fuente Aragón Hoy"
2020-04-26;"Hospital Universitario Miguel Servet";127;25;"Zaragoza";"Zaragoza";50297;"Fuente Aragón Hoy"
2020-04-26;"Hospital Clínico Universitario";146;27;"Zaragoza";"Zaragoza";50297;"Fuente Aragón Hoy"
2020-04-26;"Hospital Royo Villanova";51;4;"Zaragoza";"Zaragoza";50297;"Fuente Aragón Hoy"
2020-04-26;"Hospital Nuestra Señora de Gracia";26;3;"Zaragoza";"Zaragoza";50297;"Fuente Aragón Hoy"
2020-04-26;"Hospital General de la Defensa";43;;"Zaragoza";"Zaragoza";50297;"Fuente Aragón Hoy"
2020-04-26;"Hospital Obispo Polanco";16;8;"Teruel";"Teruel";44216;"Fuente Aragón Hoy"
2020-04-26;"Hospital de Alcañiz";3;;"Alcañiz";"Teruel";44013;"Fuente Aragón Hoy"
2020-04-26;"Hospital de Barbastro";15;8;"Barbastro";"Huesca";22048;"Fuente Aragón Hoy"
2020-04-26;"Hospital San Jorge";31;9;"Huesca";"Huesca";22125;"Fuente Aragón Hoy"
2020-04-26;"Hospital Sagrado Corazón";;;"Huesca";"Huesca";22125;"Fuente Aragón Hoy"
2020-04-26;"Hospital Ernest Lluch";18;;"Calatayud";"Zaragoza";50067;"Fuente Aragón Hoy"
2020-04-26;"Hospital San José";12;;"Teruel";"Teruel";44216;"Fuente Aragón Hoy"
2020-04-26;"Hospital Ejea – Cinco Villas";;;"Ejea de los Caballeros";"Zaragoza";50095;"Fuente Aragón Hoy"
2020-04-26;"MAZ";10;3;"Zaragoza";"Zaragoza";50297;"Fuente Aragón Hoy"
2020-04-26;"Hospital Viamed Montecanal";1;;"Zaragoza";"Zaragoza";50297;"Fuente Aragón Hoy"
2020-04-26;"Clínica Montpellier";8;1;"Zaragoza";"Zaragoza";50297;"Fuente Aragón Hoy"
2020-04-26;"Hospital Quirón";9;1;"Zaragoza";"Zaragoza";50297;"Fuente Aragón Hoy"
2020-04-26;"Hospital San Juan de Dios de Zaragoza";12;;"Zaragoza";"Zaragoza";50297;"Fuente Aragón Hoy"
2020-04-26;"Clínica Viamed Santiago";6;;"Huesca";"Huesca";22125;"Fuente Aragón Hoy"
2020-04-26;"Clínica El Pilar";3;;"Zaragoza";"Zaragoza";50297;"Fuente Aragón Hoy"
2020-04-27;"Hospital Universitario Miguel Servet";129;25;"Zaragoza";"Zaragoza";50297;"Fuente Aragón Hoy"
2020-04-27;"Hospital Clínico Universitario";153;27;"Zaragoza";"Zaragoza";50297;"Fuente Aragón Hoy"
2020-04-27;"Hospital Royo Villanova";47;4;"Zaragoza";"Zaragoza";50297;"Fuente Aragón Hoy"
2020-04-27;"Hospital Nuestra Señora de Gracia";26;3;"Zaragoza";"Zaragoza";50297;"Fuente Aragón Hoy"
2020-04-27;"Hospital General de la Defensa";44;;"Zaragoza";"Zaragoza";50297;"Fuente Aragón Hoy"
2020-04-27;"Hospital Obispo Polanco";15;8;"Teruel";"Teruel";44216;"Fuente Aragón Hoy"
2020-04-27;"Hospital de Alcañiz";3;;"Alcañiz";"Teruel";44013;"Fuente Aragón Hoy"
2020-04-27;"Hospital de Barbastro";17;8;"Barbastro";"Huesca";22048;"Fuente Aragón Hoy"
2020-04-27;"Hospital San Jorge";29;9;"Huesca";"Huesca";22125;"Fuente Aragón Hoy"
2020-04-27;"Hospital Sagrado Corazón";;;"Huesca";"Huesca";22125;"Fuente Aragón Hoy"
2020-04-27;"Hospital Ernest Lluch";21;;"Calatayud";"Zaragoza";50067;"Fuente Aragón Hoy"
2020-04-27;"Hospital San José";11;;"Teruel";"Teruel";44216;"Fuente Aragón Hoy"
2020-04-27;"Hospital Ejea – Cinco Villas";;;"Ejea de los Caballeros";"Zaragoza";50095;"Fuente Aragón Hoy"
2020-04-27;"MAZ";10;3;"Zaragoza";"Zaragoza";50297;"Fuente Aragón Hoy"
2020-04-27;"Hospital Viamed Montecanal";3;;"Zaragoza";"Zaragoza";50297;"Fuente Aragón Hoy"
2020-04-27;"Clínica Montpellier";12;1;"Zaragoza";"Zaragoza";50297;"Fuente Aragón Hoy"
2020-04-27;"Hospital Quirón";8;1;"Zaragoza";"Zaragoza";50297;"Fuente Aragón Hoy"
2020-04-27;"Hospital San Juan de Dios de Zaragoza";12;;"Zaragoza";"Zaragoza";50297;"Fuente Aragón Hoy"
2020-04-27;"Clínica Viamed Santiago";5;;"Huesca";"Huesca";22125;"Fuente Aragón Hoy"
2020-04-27;"Clínica El Pilar";3;;"Zaragoza";"Zaragoza";50297;"Fuente Aragón Hoy"
2020-04-28;"Hospital Universitario Miguel Servet";129;23;"Zaragoza";"Zaragoza";50297;"Fuente Aragón Hoy"
2020-04-28;"Hospital Clínico Universitario";151;25;"Zaragoza";"Zaragoza";50297;"Fuente Aragón Hoy"
2020-04-28;"Hospital Royo Villanova";49;4;"Zaragoza";"Zaragoza";50297;"Fuente Aragón Hoy"
2020-04-28;"Hospital Nuestra Señora de Gracia";24;3;"Zaragoza";"Zaragoza";50297;"Fuente Aragón Hoy"
2020-04-28;"Hospital General de la Defensa";46;2;"Zaragoza";"Zaragoza";50297;"Fuente Aragón Hoy"
2020-04-28;"Hospital Obispo Polanco";15;8;"Teruel";"Teruel";44216;"Fuente Aragón Hoy"
2020-04-28;"Hospital de Alcañiz";3;;"Alcañiz";"Teruel";44013;"Fuente Aragón Hoy"
2020-04-28;"Hospital de Barbastro";15;8;"Barbastro";"Huesca";22048;"Fuente Aragón Hoy"
2020-04-28;"Hospital San Jorge";28;9;"Huesca";"Huesca";22125;"Fuente Aragón Hoy"
2020-04-28;"Hospital Sagrado Corazón";;;"Huesca";"Huesca";22125;"Fuente Aragón Hoy"
2020-04-28;"Hospital Ernest Lluch";20;;"Calatayud";"Zaragoza";50067;"Fuente Aragón Hoy"
2020-04-28;"Hospital San José";12;;"Teruel";"Teruel";44216;"Fuente Aragón Hoy"
2020-04-28;"Hospital Ejea – Cinco Villas";;;"Ejea de los Caballeros";"Zaragoza";50095;"Fuente Aragón Hoy"
2020-04-28;"MAZ";8;2;"Zaragoza";"Zaragoza";50297;"Fuente Aragón Hoy"
2020-04-28;"Hospital Viamed Montecanal";3;;"Zaragoza";"Zaragoza";50297;"Fuente Aragón Hoy"
2020-04-28;"Clínica Montpellier";11;1;"Zaragoza";"Zaragoza";50297;"Fuente Aragón Hoy"
2020-04-28;"Hospital Quirón";8;1;"Zaragoza";"Zaragoza";50297;"Fuente Aragón Hoy"
2020-04-28;"Hospital San Juan de Dios de Zaragoza";7;;"Zaragoza";"Zaragoza";50297;"Fuente Aragón Hoy"
2020-04-28;"Clínica Viamed Santiago";5;;"Huesca";"Huesca";22125;"Fuente Aragón Hoy"
2020-04-28;"Clínica El Pilar";2;;"Zaragoza";"Zaragoza";50297;"Fuente Aragón Hoy"
2020-04-29;"Hospital Universitario Miguel Servet";121;23;"Zaragoza";"Zaragoza";50297;"Fuente Aragón Hoy"
2020-04-29;"Hospital Clínico Universitario";157;24;"Zaragoza";"Zaragoza";50297;"Fuente Aragón Hoy"
2020-04-29;"Hospital Royo Villanova";47;4;"Zaragoza";"Zaragoza";50297;"Fuente Aragón Hoy"
2020-04-29;"Hospital Nuestra Señora de Gracia";22;3;"Zaragoza";"Zaragoza";50297;"Fuente Aragón Hoy"
2020-04-29;"Hospital General de la Defensa";41;1;"Zaragoza";"Zaragoza";50297;"Fuente Aragón Hoy"
2020-04-29;"Hospital Obispo Polanco";15;8;"Teruel";"Teruel";44216;"Fuente Aragón Hoy"
2020-04-29;"Hospital de Alcañiz";3;;"Alcañiz";"Teruel";44013;"Fuente Aragón Hoy"
2020-04-29;"Hospital de Barbastro";18;8;"Barbastro";"Huesca";22048;"Fuente Aragón Hoy"
2020-04-29;"Hospital San Jorge";27;8;"Huesca";"Huesca";22125;"Fuente Aragón Hoy"
2020-04-29;"Hospital Sagrado Corazón";;;"Huesca";"Huesca";22125;"Fuente Aragón Hoy"
2020-04-29;"Hospital Ernest Lluch";17;;"Calatayud";"Zaragoza";50067;"Fuente Aragón Hoy"
2020-04-29;"Hospital San José";11;;"Teruel";"Teruel";44216;"Fuente Aragón Hoy"
2020-04-29;"Hospital Ejea – Cinco Villas";1;;"Ejea de los Caballeros";"Zaragoza";50095;"Fuente Aragón Hoy"
2020-04-29;"MAZ";8;2;"Zaragoza";"Zaragoza";50297;"Fuente Aragón Hoy"
2020-04-29;"Hospital Viamed Montecanal";3;;"Zaragoza";"Zaragoza";50297;"Fuente Aragón Hoy"
2020-04-29;"Clínica Montpellier";8;1;"Zaragoza";"Zaragoza";50297;"Fuente Aragón Hoy"
2020-04-29;"Hospital Quirón";6;1;"Zaragoza";"Zaragoza";50297;"Fuente Aragón Hoy"
2020-04-29;"Hospital San Juan de Dios de Zaragoza";7;;"Zaragoza";"Zaragoza";50297;"Fuente Aragón Hoy"
2020-04-29;"Clínica Viamed Santiago";5;;"Huesca";"Huesca";22125;"Fuente Aragón Hoy"
2020-04-29;"Clínica El Pilar";2;;"Zaragoza";"Zaragoza";50297;"Fuente Aragón Hoy"
2020-04-30;"Hospital Universitario Miguel Servet";111;20;"Zaragoza";"Zaragoza";50297;"Fuente Aragón Hoy"
2020-04-30;"Hospital Clínico Universitario";142;21;"Zaragoza";"Zaragoza";50297;"Fuente Aragón Hoy"
2020-04-30;"Hospital Royo Villanova";45;4;"Zaragoza";"Zaragoza";50297;"Fuente Aragón Hoy"
2020-04-30;"Hospital Nuestra Señora de Gracia";18;3;"Zaragoza";"Zaragoza";50297;"Fuente Aragón Hoy"
2020-04-30;"Hospital General de la Defensa";42;;"Zaragoza";"Zaragoza";50297;"Fuente Aragón Hoy"
2020-04-30;"Hospital Obispo Polanco";16;8;"Teruel";"Teruel";44216;"Fuente Aragón Hoy"
2020-04-30;"Hospital de Alcañiz";3;;"Alcañiz";"Teruel";44013;"Fuente Aragón Hoy"
2020-04-30;"Hospital de Barbastro";18;7;"Barbastro";"Huesca";22048;"Fuente Aragón Hoy"
2020-04-30;"Hospital San Jorge";20;7;"Huesca";"Huesca";22125;"Fuente Aragón Hoy"
2020-04-30;"Hospital Sagrado Corazón";;;"Huesca";"Huesca";22125;"Fuente Aragón Hoy"
2020-04-30;"Hospital Ernest Lluch";18;;"Calatayud";"Zaragoza";50067;"Fuente Aragón Hoy"
2020-04-30;"Hospital San José";10;;"Teruel";"Teruel";44216;"Fuente Aragón Hoy"
2020-04-30;"Hospital Ejea – Cinco Villas";2;;"Ejea de los Caballeros";"Zaragoza";50095;"Fuente Aragón Hoy"
2020-04-30;"MAZ";6;2;"Zaragoza";"Zaragoza";50297;"Fuente Aragón Hoy"
2020-04-30;"Hospital Viamed Montecanal";1;;"Zaragoza";"Zaragoza";50297;"Fuente Aragón Hoy"
2020-04-30;"Clínica Montpellier";10;1;"Zaragoza";"Zaragoza";50297;"Fuente Aragón Hoy"
2020-04-30;"Hospital Quirón";6;1;"Zaragoza";"Zaragoza";50297;"Fuente Aragón Hoy"
2020-04-30;"Hospital San Juan de Dios de Zaragoza";6;;"Zaragoza";"Zaragoza";50297;"Fuente Aragón Hoy"
2020-04-30;"Clínica Viamed Santiago";5;;"Huesca";"Huesca";22125;"Fuente Aragón Hoy"
2020-04-30;"Clínica El Pilar";1;;"Zaragoza";"Zaragoza";50297;"Fuente Aragón Hoy"
2020-05-01;"Hospital Universitario Miguel Servet";103;18;"Zaragoza";"Zaragoza";50297;"Fuente Aragón Hoy"
2020-05-01;"Hospital Clínico Universitario";124;18;"Zaragoza";"Zaragoza";50297;"Fuente Aragón Hoy"
2020-05-01;"Hospital Royo Villanova";40;4;"Zaragoza";"Zaragoza";50297;"Fuente Aragón Hoy"
2020-05-01;"Hospital Nuestra Señora de Gracia";15;2;"Zaragoza";"Zaragoza";50297;"Fuente Aragón Hoy"
2020-05-01;"Hospital General de la Defensa";33;;"Zaragoza";"Zaragoza";50297;"Fuente Aragón Hoy"
2020-05-01;"Hospital Obispo Polanco";17;8;"Teruel";"Teruel";44216;"Fuente Aragón Hoy"
2020-05-01;"Hospital de Alcañiz";3;;"Alcañiz";"Teruel";44013;"Fuente Aragón Hoy"
2020-05-01;"Hospital de Barbastro";20;7;"Barbastro";"Huesca";22048;"Fuente Aragón Hoy"
2020-05-01;"Hospital San Jorge";20;7;"Huesca";"Huesca";22125;"Fuente Aragón Hoy"
2020-05-01;"Hospital Sagrado Corazón";;;"Huesca";"Huesca";22125;"Fuente Aragón Hoy"
2020-05-01;"Hospital Ernest Lluch";13;;"Calatayud";"Zaragoza";50067;"Fuente Aragón Hoy"
2020-05-01;"Hospital San José";11;;"Teruel";"Teruel";44216;"Fuente Aragón Hoy"
2020-05-01;"Hospital Ejea – Cinco Villas";;;"Ejea de los Caballeros";"Zaragoza";50095;"Fuente Aragón Hoy"
2020-05-01;"MAZ";6;2;"Zaragoza";"Zaragoza";50297;"Fuente Aragón Hoy"
2020-05-01;"Hospital Viamed Montecanal";1;;"Zaragoza";"Zaragoza";50297;"Fuente Aragón Hoy"
2020-05-01;"Clínica Montpellier";5;1;"Zaragoza";"Zaragoza";50297;"Fuente Aragón Hoy"
2020-05-01;"Hospital Quirón";3;;"Zaragoza";"Zaragoza";50297;"Fuente Aragón Hoy"
2020-05-01;"Hospital San Juan de Dios de Zaragoza";5;;"Zaragoza";"Zaragoza";50297;"Fuente Aragón Hoy"
2020-05-01;"Clínica Viamed Santiago";6;;"Huesca";"Huesca";22125;"Fuente Aragón Hoy"
2020-05-01;"Clínica El Pilar";1;;"Zaragoza";"Zaragoza";50297;"Fuente Aragón Hoy"
2020-05-02;"Hospital Universitario Miguel Servet";96;18;"Zaragoza";"Zaragoza";50297;"Fuente Aragón Hoy"
2020-05-02;"Hospital Clínico Universitario";107;17;"Zaragoza";"Zaragoza";50297;"Fuente Aragón Hoy"
2020-05-02;"Hospital Royo Villanova";34;3;"Zaragoza";"Zaragoza";50297;"Fuente Aragón Hoy"
2020-05-02;"Hospital Nuestra Señora de Gracia";18;4;"Zaragoza";"Zaragoza";50297;"Fuente Aragón Hoy"
2020-05-02;"Hospital General de la Defensa";27;;"Zaragoza";"Zaragoza";50297;"Fuente Aragón Hoy"
2020-05-02;"Hospital Obispo Polanco";16;8;"Teruel";"Teruel";44216;"Fuente Aragón Hoy"
2020-05-02;"Hospital de Alcañiz";3;;"Alcañiz";"Teruel";44013;"Fuente Aragón Hoy"
2020-05-02;"Hospital de Barbastro";25;7;"Barbastro";"Huesca";22048;"Fuente Aragón Hoy"
2020-05-02;"Hospital San Jorge";22;6;"Huesca";"Huesca";22125;"Fuente Aragón Hoy"
2020-05-02;"Hospital Sagrado Corazón";;;"Huesca";"Huesca";22125;"Fuente Aragón Hoy"
2020-05-02;"Hospital Ernest Lluch";10;;"Calatayud";"Zaragoza";50067;"Fuente Aragón Hoy"
2020-05-02;"Hospital San José";10;;"Teruel";"Teruel";44216;"Fuente Aragón Hoy"
2020-05-02;"Hospital Ejea – Cinco Villas";;;"Ejea de los Caballeros";"Zaragoza";50095;"Fuente Aragón Hoy"
2020-05-02;"MAZ";6;2;"Zaragoza";"Zaragoza";50297;"Fuente Aragón Hoy"
2020-05-02;"Hospital Viamed Montecanal";1;;"Zaragoza";"Zaragoza";50297;"Fuente Aragón Hoy"
2020-05-02;"Clínica Montpellier";5;1;"Zaragoza";"Zaragoza";50297;"Fuente Aragón Hoy"
2020-05-02;"Hospital Quirón";2;;"Zaragoza";"Zaragoza";50297;"Fuente Aragón Hoy"
2020-05-02;"Hospital San Juan de Dios de Zaragoza";5;;"Zaragoza";"Zaragoza";50297;"Fuente Aragón Hoy"
2020-05-02;"Clínica Viamed Santiago";5;;"Huesca";"Huesca";22125;"Fuente Aragón Hoy"
2020-05-02;"Clínica El Pilar";1;;"Zaragoza";"Zaragoza";50297;"Fuente Aragón Hoy"
2020-05-03;"Hospital Universitario Miguel Servet";97;16;"Zaragoza";"Zaragoza";50297;"Fuente Aragón Hoy"
2020-05-03;"Hospital Clínico Universitario";108;18;"Zaragoza";"Zaragoza";50297;"Fuente Aragón Hoy"
2020-05-03;"Hospital Royo Villanova";34;3;"Zaragoza";"Zaragoza";50297;"Fuente Aragón Hoy"
2020-05-03;"Hospital Nuestra Señora de Gracia";17;4;"Zaragoza";"Zaragoza";50297;"Fuente Aragón Hoy"
2020-05-03;"Hospital General de la Defensa";28;;"Zaragoza";"Zaragoza";50297;"Fuente Aragón Hoy"
2020-05-03;"Hospital Obispo Polanco";16;8;"Teruel";"Teruel";44216;"Fuente Aragón Hoy"
2020-05-03;"Hospital de Alcañiz";3;;"Alcañiz";"Teruel";44013;"Fuente Aragón Hoy"
2020-05-03;"Hospital de Barbastro";26;7;"Barbastro";"Huesca";22048;"Fuente Aragón Hoy"
2020-05-03;"Hospital San Jorge";20;7;"Huesca";"Huesca";22125;"Fuente Aragón Hoy"
2020-05-03;"Hospital Sagrado Corazón";;;"Huesca";"Huesca";22125;"Fuente Aragón Hoy"
2020-05-03;"Hospital Ernest Lluch";9;;"Calatayud";"Zaragoza";50067;"Fuente Aragón Hoy"
2020-05-03;"Hospital San José";9;;"Teruel";"Teruel";44216;"Fuente Aragón Hoy"
2020-05-03;"Hospital Ejea – Cinco Villas";;;"Ejea de los Caballeros";"Zaragoza";50095;"Fuente Aragón Hoy"
2020-05-03;"MAZ";5;2;"Zaragoza";"Zaragoza";50297;"Fuente Aragón Hoy"
2020-05-03;"Hospital Viamed Montecanal";;;"Zaragoza";"Zaragoza";50297;"Fuente Aragón Hoy"
2020-05-03;"Clínica Montpellier";7;1;"Zaragoza";"Zaragoza";50297;"Fuente Aragón Hoy"
2020-05-03;"Hospital Quirón";3;;"Zaragoza";"Zaragoza";50297;"Fuente Aragón Hoy"
2020-05-03;"Hospital San Juan de Dios de Zaragoza";5;;"Zaragoza";"Zaragoza";50297;"Fuente Aragón Hoy"
2020-05-03;"Clínica Viamed Santiago";5;;"Huesca";"Huesca";22125;"Fuente Aragón Hoy"
2020-05-03;"Clínica El Pilar";1;;"Zaragoza";"Zaragoza";50297;"Fuente Aragón Hoy"
2020-05-04;"Hospital Universitario Miguel Servet";93;16;"Zaragoza";"Zaragoza";50297;"Fuente Aragón Hoy"
2020-05-04;"Hospital Clínico Universitario";105;12;"Zaragoza";"Zaragoza";50297;"Fuente Aragón Hoy"
2020-05-04;"Hospital Royo Villanova";32;3;"Zaragoza";"Zaragoza";50297;"Fuente Aragón Hoy"
2020-05-04;"Hospital Nuestra Señora de Gracia";16;4;"Zaragoza";"Zaragoza";50297;"Fuente Aragón Hoy"
2020-05-04;"Hospital General de la Defensa";32;;"Zaragoza";"Zaragoza";50297;"Fuente Aragón Hoy"
2020-05-04;"Hospital Obispo Polanco";16;8;"Teruel";"Teruel";44216;"Fuente Aragón Hoy"
2020-05-04;"Hospital de Alcañiz";4;;"Alcañiz";"Teruel";44013;"Fuente Aragón Hoy"
2020-05-04;"Hospital de Barbastro";27;7;"Barbastro";"Huesca";22048;"Fuente Aragón Hoy"
2020-05-04;"Hospital San Jorge";16;6;"Huesca";"Huesca";22125;"Fuente Aragón Hoy"
2020-05-04;"Hospital Sagrado Corazón";;;"Huesca";"Huesca";22125;"Fuente Aragón Hoy"
2020-05-04;"Hospital Ernest Lluch";8;;"Calatayud";"Zaragoza";50067;"Fuente Aragón Hoy"
2020-05-04;"Hospital San José";11;;"Teruel";"Teruel";44216;"Fuente Aragón Hoy"
2020-05-04;"Hospital Ejea – Cinco Villas";;;"Ejea de los Caballeros";"Zaragoza";50095;"Fuente Aragón Hoy"
2020-05-04;"MAZ";5;2;"Zaragoza";"Zaragoza";50297;"Fuente Aragón Hoy"
2020-05-04;"Hospital Viamed Montecanal";;;"Zaragoza";"Zaragoza";50297;"Fuente Aragón Hoy"
2020-05-04;"Clínica Montpellier";4;1;"Zaragoza";"Zaragoza";50297;"Fuente Aragón Hoy"
2020-05-04;"Hospital Quirón";3;;"Zaragoza";"Zaragoza";50297;"Fuente Aragón Hoy"
2020-05-04;"Hospital San Juan de Dios de Zaragoza";3;;"Zaragoza";"Zaragoza";50297;"Fuente Aragón Hoy"
2020-05-04;"Clínica Viamed Santiago";5;;"Huesca";"Huesca";22125;"Fuente Aragón Hoy"
2020-05-04;"Clínica El Pilar";1;;"Zaragoza";"Zaragoza";50297;"Fuente Aragón Hoy"
2020-05-05;"Hospital Universitario Miguel Servet";94;16;"Zaragoza";"Zaragoza";50297;"Fuente Aragón Hoy"
2020-05-05;"Hospital Clínico Universitario";107;11;"Zaragoza";"Zaragoza";50297;"Fuente Aragón Hoy"
2020-05-05;"Hospital Royo Villanova";33;3;"Zaragoza";"Zaragoza";50297;"Fuente Aragón Hoy"
2020-05-05;"Hospital Nuestra Señora de Gracia";16;4;"Zaragoza";"Zaragoza";50297;"Fuente Aragón Hoy"
2020-05-05;"Hospital General de la Defensa";33;;"Zaragoza";"Zaragoza";50297;"Fuente Aragón Hoy"
2020-05-05;"Hospital Obispo Polanco";17;8;"Teruel";"Teruel";44216;"Fuente Aragón Hoy"
2020-05-05;"Hospital de Alcañiz";3;;"Alcañiz";"Teruel";44013;"Fuente Aragón Hoy"
2020-05-05;"Hospital de Barbastro";28;7;"Barbastro";"Huesca";22048;"Fuente Aragón Hoy"
2020-05-05;"Hospital San Jorge";15;6;"Huesca";"Huesca";22125;"Fuente Aragón Hoy"
2020-05-05;"Hospital Sagrado Corazón";;;"Huesca";"Huesca";22125;"Fuente Aragón Hoy"
2020-05-05;"Hospital Ernest Lluch";7;;"Calatayud";"Zaragoza";50067;"Fuente Aragón Hoy"
2020-05-05;"Hospital San José";11;;"Teruel";"Teruel";44216;"Fuente Aragón Hoy"
2020-05-05;"Hospital Ejea – Cinco Villas";1;;"Ejea de los Caballeros";"Zaragoza";50095;"Fuente Aragón Hoy"
2020-05-05;"MAZ";5;2;"Zaragoza";"Zaragoza";50297;"Fuente Aragón Hoy"
2020-05-05;"Hospital Viamed Montecanal";1;;"Zaragoza";"Zaragoza";50297;"Fuente Aragón Hoy"
2020-05-05;"Clínica Montpellier";4;1;"Zaragoza";"Zaragoza";50297;"Fuente Aragón Hoy"
2020-05-05;"Hospital Quirón";2;;"Zaragoza";"Zaragoza";50297;"Fuente Aragón Hoy"
2020-05-05;"Hospital San Juan de Dios de Zaragoza";3;;"Zaragoza";"Zaragoza";50297;"Fuente Aragón Hoy"
2020-05-05;"Clínica Viamed Santiago";4;;"Huesca";"Huesca";22125;"Fuente Aragón Hoy"
2020-05-05;"Clínica El Pilar";1;;"Zaragoza";"Zaragoza";50297;"Fuente Aragón Hoy"
2020-05-06;"Hospital Universitario Miguel Servet";84;16;"Zaragoza";"Zaragoza";50297;"Fuente Aragón Hoy"
2020-05-06;"Hospital Clínico Universitario";99;10;"Zaragoza";"Zaragoza";50297;"Fuente Aragón Hoy"
2020-05-06;"Hospital Royo Villanova";30;3;"Zaragoza";"Zaragoza";50297;"Fuente Aragón Hoy"
2020-05-06;"Hospital Nuestra Señora de Gracia";17;4;"Zaragoza";"Zaragoza";50297;"Fuente Aragón Hoy"
2020-05-06;"Hospital General de la Defensa";30;;"Zaragoza";"Zaragoza";50297;"Fuente Aragón Hoy"
2020-05-06;"Hospital Obispo Polanco";13;6;"Teruel";"Teruel";44216;"Fuente Aragón Hoy"
2020-05-06;"Hospital de Alcañiz";4;;"Alcañiz";"Teruel";44013;"Fuente Aragón Hoy"
2020-05-06;"Hospital de Barbastro";25;7;"Barbastro";"Huesca";22048;"Fuente Aragón Hoy"
2020-05-06;"Hospital San Jorge";16;5;"Huesca";"Huesca";22125;"Fuente Aragón Hoy"
2020-05-06;"Hospital Sagrado Corazón";;;"Huesca";"Huesca";22125;"Fuente Aragón Hoy"
2020-05-06;"Hospital Ernest Lluch";7;;"Calatayud";"Zaragoza";50067;"Fuente Aragón Hoy"
2020-05-06;"Hospital San José";11;;"Teruel";"Teruel";44216;"Fuente Aragón Hoy"
2020-05-06;"Hospital Ejea – Cinco Villas";2;;"Ejea de los Caballeros";"Zaragoza";50095;"Fuente Aragón Hoy"
2020-05-06;"MAZ";5;1;"Zaragoza";"Zaragoza";50297;"Fuente Aragón Hoy"
2020-05-06;"Hospital Viamed Montecanal";;;"Zaragoza";"Zaragoza";50297;"Fuente Aragón Hoy"
2020-05-06;"Clínica Montpellier";4;1;"Zaragoza";"Zaragoza";50297;"Fuente Aragón Hoy"
2020-05-06;"Hospital Quirón";2;;"Zaragoza";"Zaragoza";50297;"Fuente Aragón Hoy"
2020-05-06;"Hospital San Juan de Dios de Zaragoza";3;;"Zaragoza";"Zaragoza";50297;"Fuente Aragón Hoy"
2020-05-06;"Clínica Viamed Santiago";3;;"Huesca";"Huesca";22125;"Fuente Aragón Hoy"
2020-05-06;"Clínica El Pilar";1;;"Zaragoza";"Zaragoza";50297;"Fuente Aragón Hoy"
2020-05-07;"Hospital Universitario Miguel Servet";79;14;"Zaragoza";"Zaragoza";50297;"Fuente Aragón Hoy"
2020-05-07;"Hospital Clínico Universitario";107;9;"Zaragoza";"Zaragoza";50297;"Fuente Aragón Hoy"
2020-05-07;"Hospital Royo Villanova";31;3;"Zaragoza";"Zaragoza";50297;"Fuente Aragón Hoy"
2020-05-07;"Hospital Nuestra Señora de Gracia";11;2;"Zaragoza";"Zaragoza";50297;"Fuente Aragón Hoy"
2020-05-07;"Hospital General de la Defensa";30;;"Zaragoza";"Zaragoza";50297;"Fuente Aragón Hoy"
2020-05-07;"Hospital Obispo Polanco";12;5;"Teruel";"Teruel";44216;"Fuente Aragón Hoy"
2020-05-07;"Hospital de Alcañiz";4;;"Alcañiz";"Teruel";44013;"Fuente Aragón Hoy"
2020-05-07;"Hospital de Barbastro";22;7;"Barbastro";"Huesca";22048;"Fuente Aragón Hoy"
2020-05-07;"Hospital San Jorge";12;4;"Huesca";"Huesca";22125;"Fuente Aragón Hoy"
2020-05-07;"Hospital Sagrado Corazón";;;"Huesca";"Huesca";22125;"Fuente Aragón Hoy"
2020-05-07;"Hospital Ernest Lluch";5;;"Calatayud";"Zaragoza";50067;"Fuente Aragón Hoy"
2020-05-07;"Hospital San José";9;;"Teruel";"Teruel";44216;"Fuente Aragón Hoy"
2020-05-07;"Hospital Ejea – Cinco Villas";;;"Ejea de los Caballeros";"Zaragoza";50095;"Fuente Aragón Hoy"
2020-05-07;"MAZ";5;1;"Zaragoza";"Zaragoza";50297;"Fuente Aragón Hoy"
2020-05-07;"Hospital Viamed Montecanal";1;;"Zaragoza";"Zaragoza";50297;"Fuente Aragón Hoy"
2020-05-07;"Clínica Montpellier";4;1;"Zaragoza";"Zaragoza";50297;"Fuente Aragón Hoy"
2020-05-07;"Hospital Quirón";2;;"Zaragoza";"Zaragoza";50297;"Fuente Aragón Hoy"
2020-05-07;"Hospital San Juan de Dios de Zaragoza";4;;"Zaragoza";"Zaragoza";50297;"Fuente Aragón Hoy"
2020-05-07;"Clínica Viamed Santiago";1;;"Huesca";"Huesca";22125;"Fuente Aragón Hoy"
2020-05-07;"Clínica El Pilar";1;;"Zaragoza";"Zaragoza";50297;"Fuente Aragón Hoy"
2020-05-08;"Hospital Universitario Miguel Servet";69;13;"Zaragoza";"Zaragoza";50297;"Fuente Aragón Hoy"
2020-05-08;"Hospital Clínico Universitario";97;8;"Zaragoza";"Zaragoza";50297;"Fuente Aragón Hoy"
2020-05-08;"Hospital Royo Villanova";29;3;"Zaragoza";"Zaragoza";50297;"Fuente Aragón Hoy"
2020-05-08;"Hospital Nuestra Señora de Gracia";12;2;"Zaragoza";"Zaragoza";50297;"Fuente Aragón Hoy"
2020-05-08;"Hospital General de la Defensa";26;;"Zaragoza";"Zaragoza";50297;"Fuente Aragón Hoy"
2020-05-08;"Hospital Obispo Polanco";11;5;"Teruel";"Teruel";44216;"Fuente Aragón Hoy"
2020-05-08;"Hospital de Alcañiz";5;;"Alcañiz";"Teruel";44013;"Fuente Aragón Hoy"
2020-05-08;"Hospital de Barbastro";21;6;"Barbastro";"Huesca";22048;"Fuente Aragón Hoy"
2020-05-08;"Hospital San Jorge";12;4;"Huesca";"Huesca";22125;"Fuente Aragón Hoy"
2020-05-08;"Hospital Sagrado Corazón";;;"Huesca";"Huesca";22125;"Fuente Aragón Hoy"
2020-05-08;"Hospital Ernest Lluch";5;;"Calatayud";"Zaragoza";50067;"Fuente Aragón Hoy"
2020-05-08;"Hospital San José";9;;"Teruel";"Teruel";44216;"Fuente Aragón Hoy"
2020-05-08;"Hospital Ejea – Cinco Villas";;;"Ejea de los Caballeros";"Zaragoza";50095;"Fuente Aragón Hoy"
2020-05-08;"MAZ";3;1;"Zaragoza";"Zaragoza";50297;"Fuente Aragón Hoy"
2020-05-08;"Hospital Viamed Montecanal";2;;"Zaragoza";"Zaragoza";50297;"Fuente Aragón Hoy"
2020-05-08;"Clínica Montpellier";4;1;"Zaragoza";"Zaragoza";50297;"Fuente Aragón Hoy"
2020-05-08;"Hospital Quirón";2;1;"Zaragoza";"Zaragoza";50297;"Fuente Aragón Hoy"
2020-05-08;"Hospital San Juan de Dios de Zaragoza";3;;"Zaragoza";"Zaragoza";50297;"Fuente Aragón Hoy"
2020-05-08;"Clínica Viamed Santiago";1;;"Huesca";"Huesca";22125;"Fuente Aragón Hoy"
2020-05-08;"Clínica El Pilar";1;;"Zaragoza";"Zaragoza";50297;"Fuente Aragón Hoy"
2020-05-09;"Hospital Universitario Miguel Servet";65;13;"Zaragoza";"Zaragoza";50297;"Fuente Aragón Hoy"
2020-05-09;"Hospital Clínico Universitario";93;5;"Zaragoza";"Zaragoza";50297;"Fuente Aragón Hoy"
2020-05-09;"Hospital Royo Villanova";22;3;"Zaragoza";"Zaragoza";50297;"Fuente Aragón Hoy"
2020-05-09;"Hospital Nuestra Señora de Gracia";8;2;"Zaragoza";"Zaragoza";50297;"Fuente Aragón Hoy"
2020-05-09;"Hospital General de la Defensa";26;;"Zaragoza";"Zaragoza";50297;"Fuente Aragón Hoy"
2020-05-09;"Hospital Obispo Polanco";10;5;"Teruel";"Teruel";44216;"Fuente Aragón Hoy"
2020-05-09;"Hospital de Alcañiz";6;;"Alcañiz";"Teruel";44013;"Fuente Aragón Hoy"
2020-05-09;"Hospital de Barbastro";13;6;"Barbastro";"Huesca";22048;"Fuente Aragón Hoy"
2020-05-09;"Hospital San Jorge";12;4;"Huesca";"Huesca";22125;"Fuente Aragón Hoy"
2020-05-09;"Hospital Sagrado Corazón";;;"Huesca";"Huesca";22125;"Fuente Aragón Hoy"
2020-05-09;"Hospital Ernest Lluch";6;;"Calatayud";"Zaragoza";50067;"Fuente Aragón Hoy"
2020-05-09;"Hospital San José";11;;"Teruel";"Teruel";44216;"Fuente Aragón Hoy"
2020-05-09;"Hospital Ejea – Cinco Villas";1;;"Ejea de los Caballeros";"Zaragoza";50095;"Fuente Aragón Hoy"
2020-05-09;"MAZ";3;;"Zaragoza";"Zaragoza";50297;"Fuente Aragón Hoy"
2020-05-09;"Hospital Viamed Montecanal";2;;"Zaragoza";"Zaragoza";50297;"Fuente Aragón Hoy"
2020-05-09;"Clínica Montpellier";5;1;"Zaragoza";"Zaragoza";50297;"Fuente Aragón Hoy"
2020-05-09;"Hospital Quirón";2;;"Zaragoza";"Zaragoza";50297;"Fuente Aragón Hoy"
2020-05-09;"Hospital San Juan de Dios de Zaragoza";1;;"Zaragoza";"Zaragoza";50297;"Fuente Aragón Hoy"
2020-05-09;"Clínica Viamed Santiago";1;;"Huesca";"Huesca";22125;"Fuente Aragón Hoy"
2020-05-09;"Clínica El Pilar";1;;"Zaragoza";"Zaragoza";50297;"Fuente Aragón Hoy"
2020-05-10;"Hospital Universitario Miguel Servet";52;13;"Zaragoza";"Zaragoza";50297;"Fuente Aragón Hoy"
2020-05-10;"Hospital Clínico Universitario";82;5;"Zaragoza";"Zaragoza";50297;"Fuente Aragón Hoy"
2020-05-10;"Hospital Royo Villanova";20;3;"Zaragoza";"Zaragoza";50297;"Fuente Aragón Hoy"
2020-05-10;"Hospital Nuestra Señora de Gracia";7;2;"Zaragoza";"Zaragoza";50297;"Fuente Aragón Hoy"
2020-05-10;"Hospital General de la Defensa";24;;"Zaragoza";"Zaragoza";50297;"Fuente Aragón Hoy"
2020-05-10;"Hospital Obispo Polanco";11;6;"Teruel";"Teruel";44216;"Fuente Aragón Hoy"
2020-05-10;"Hospital de Alcañiz";6;;"Alcañiz";"Teruel";44013;"Fuente Aragón Hoy"
2020-05-10;"Hospital de Barbastro";12;5;"Barbastro";"Huesca";22048;"Fuente Aragón Hoy"
2020-05-10;"Hospital San Jorge";11;4;"Huesca";"Huesca";22125;"Fuente Aragón Hoy"
2020-05-10;"Hospital Sagrado Corazón";;;"Huesca";"Huesca";22125;"Fuente Aragón Hoy"
2020-05-10;"Hospital Ernest Lluch";8;;"Calatayud";"Zaragoza";50067;"Fuente Aragón Hoy"
2020-05-10;"Hospital San José";12;;"Teruel";"Teruel";44216;"Fuente Aragón Hoy"
2020-05-10;"Hospital Ejea – Cinco Villas";1;;"Ejea de los Caballeros";"Zaragoza";50095;"Fuente Aragón Hoy"
2020-05-10;"MAZ";2;;"Zaragoza";"Zaragoza";50297;"Fuente Aragón Hoy"
2020-05-10;"Hospital Viamed Montecanal";;;"Zaragoza";"Zaragoza";50297;"Fuente Aragón Hoy"
2020-05-10;"Clínica Montpellier";2;1;"Zaragoza";"Zaragoza";50297;"Fuente Aragón Hoy"
2020-05-10;"Hospital Quirón";2;;"Zaragoza";"Zaragoza";50297;"Fuente Aragón Hoy"
2020-05-10;"Hospital San Juan de Dios de Zaragoza";1;;"Zaragoza";"Zaragoza";50297;"Fuente Aragón Hoy"
2020-05-10;"Clínica Viamed Santiago";1;;"Huesca";"Huesca";22125;"Fuente Aragón Hoy"
2020-05-10;"Clínica El Pilar";1;;"Zaragoza";"Zaragoza";50297;"Fuente Aragón Hoy"
2020-05-11;"Hospital Universitario Miguel Servet";46;12;"Zaragoza";"Zaragoza";50297;"Fuente Aragón Hoy"
2020-05-11;"Hospital Clínico Universitario";84;5;"Zaragoza";"Zaragoza";50297;"Fuente Aragón Hoy"
2020-05-11;"Hospital Royo Villanova";21;3;"Zaragoza";"Zaragoza";50297;"Fuente Aragón Hoy"
2020-05-11;"Hospital Nuestra Señora de Gracia";7;2;"Zaragoza";"Zaragoza";50297;"Fuente Aragón Hoy"
2020-05-11;"Hospital General de la Defensa";29;;"Zaragoza";"Zaragoza";50297;"Fuente Aragón Hoy"
2020-05-11;"Hospital Obispo Polanco";14;6;"Teruel";"Teruel";44216;"Fuente Aragón Hoy"
2020-05-11;"Hospital de Alcañiz";6;;"Alcañiz";"Teruel";44013;"Fuente Aragón Hoy"
2020-05-11;"Hospital de Barbastro";14;4;"Barbastro";"Huesca";22048;"Fuente Aragón Hoy"
2020-05-11;"Hospital San Jorge";14;5;"Huesca";"Huesca";22125;"Fuente Aragón Hoy"
2020-05-11;"Hospital Sagrado Corazón";;;"Huesca";"Huesca";22125;"Fuente Aragón Hoy"
2020-05-11;"Hospital Ernest Lluch";4;;"Calatayud";"Zaragoza";50067;"Fuente Aragón Hoy"
2020-05-11;"Hospital San José";13;;"Teruel";"Teruel";44216;"Fuente Aragón Hoy"
2020-05-11;"Hospital Ejea – Cinco Villas";1;;"Ejea de los Caballeros";"Zaragoza";50095;"Fuente Aragón Hoy"
2020-05-11;"MAZ";2;;"Zaragoza";"Zaragoza";50297;"Fuente Aragón Hoy"
2020-05-11;"Hospital Viamed Montecanal";;;"Zaragoza";"Zaragoza";50297;"Fuente Aragón Hoy"
2020-05-11;"Clínica Montpellier";3;;"Zaragoza";"Zaragoza";50297;"Fuente Aragón Hoy"
2020-05-11;"Hospital Quirón";1;;"Zaragoza";"Zaragoza";50297;"Fuente Aragón Hoy"
2020-05-11;"Hospital San Juan de Dios de Zaragoza";1;;"Zaragoza";"Zaragoza";50297;"Fuente Aragón Hoy"
2020-05-11;"Clínica Viamed Santiago";1;;"Huesca";"Huesca";22125;"Fuente Aragón Hoy"
2020-05-11;"Clínica El Pilar";1;;"Zaragoza";"Zaragoza";50297;"Fuente Aragón Hoy"
2020-05-12;"Hospital Universitario Miguel Servet";46;12;"Zaragoza";"Zaragoza";50297;"Fuente Aragón Hoy"
2020-05-12;"Hospital Clínico Universitario";90;5;"Zaragoza";"Zaragoza";50297;"Fuente Aragón Hoy"
2020-05-12;"Hospital Royo Villanova";20;2;"Zaragoza";"Zaragoza";50297;"Fuente Aragón Hoy"
2020-05-12;"Hospital Nuestra Señora de Gracia";6;1;"Zaragoza";"Zaragoza";50297;"Fuente Aragón Hoy"
2020-05-12;"Hospital General de la Defensa";17;;"Zaragoza";"Zaragoza";50297;"Fuente Aragón Hoy"
2020-05-12;"Hospital Obispo Polanco";11;6;"Teruel";"Teruel";44216;"Fuente Aragón Hoy"
2020-05-12;"Hospital de Alcañiz";5;;"Alcañiz";"Teruel";44013;"Fuente Aragón Hoy"
2020-05-12;"Hospital de Barbastro";14;4;"Barbastro";"Huesca";22048;"Fuente Aragón Hoy"
2020-05-12;"Hospital San Jorge";13;4;"Huesca";"Huesca";22125;"Fuente Aragón Hoy"
2020-05-12;"Hospital Sagrado Corazón";;;"Huesca";"Huesca";22125;"Fuente Aragón Hoy"
2020-05-12;"Hospital Ernest Lluch";8;;"Calatayud";"Zaragoza";50067;"Fuente Aragón Hoy"
2020-05-12;"Hospital San José";13;;"Teruel";"Teruel";44216;"Fuente Aragón Hoy"
2020-05-12;"Hospital Ejea – Cinco Villas";;;"Ejea de los Caballeros";"Zaragoza";50095;"Fuente Aragón Hoy"
2020-05-12;"MAZ";2;;"Zaragoza";"Zaragoza";50297;"Fuente Aragón Hoy"
2020-05-12;"Hospital Viamed Montecanal";;;"Zaragoza";"Zaragoza";50297;"Fuente Aragón Hoy"
2020-05-12;"Clínica Montpellier";4;;"Zaragoza";"Zaragoza";50297;"Fuente Aragón Hoy"
2020-05-12;"Hospital Quirón";1;;"Zaragoza";"Zaragoza";50297;"Fuente Aragón Hoy"
2020-05-12;"Hospital San Juan de Dios de Zaragoza";1;;"Zaragoza";"Zaragoza";50297;"Fuente Aragón Hoy"
2020-05-12;"Clínica Viamed Santiago";2;;"Huesca";"Huesca";22125;"Fuente Aragón Hoy"
2020-05-12;"Clínica El Pilar";1;;"Zaragoza";"Zaragoza";50297;"Fuente Aragón Hoy"
2020-05-13;"Hospital Universitario Miguel Servet";39;10;"Zaragoza";"Zaragoza";50297;"Fuente Aragón Hoy"
2020-05-13;"Hospital Clínico Universitario";85;4;"Zaragoza";"Zaragoza";50297;"Fuente Aragón Hoy"
2020-05-13;"Hospital Royo Villanova";25;1;"Zaragoza";"Zaragoza";50297;"Fuente Aragón Hoy"
2020-05-13;"Hospital Nuestra Señora de Gracia";5;1;"Zaragoza";"Zaragoza";50297;"Fuente Aragón Hoy"
2020-05-13;"Hospital General de la Defensa";17;;"Zaragoza";"Zaragoza";50297;"Fuente Aragón Hoy"
2020-05-13;"Hospital Obispo Polanco";10;4;"Teruel";"Teruel";44216;"Fuente Aragón Hoy"
2020-05-13;"Hospital de Alcañiz";4;;"Alcañiz";"Teruel";44013;"Fuente Aragón Hoy"
2020-05-13;"Hospital de Barbastro";16;4;"Barbastro";"Huesca";22048;"Fuente Aragón Hoy"
2020-05-13;"Hospital San Jorge";13;4;"Huesca";"Huesca";22125;"Fuente Aragón Hoy"
2020-05-13;"Hospital Sagrado Corazón";;;"Huesca";"Huesca";22125;"Fuente Aragón Hoy"
2020-05-13;"Hospital Ernest Lluch";5;;"Calatayud";"Zaragoza";50067;"Fuente Aragón Hoy"
2020-05-13;"Hospital San José";14;;"Teruel";"Teruel";44216;"Fuente Aragón Hoy"
2020-05-13;"Hospital Ejea – Cinco Villas";;;"Ejea de los Caballeros";"Zaragoza";50095;"Fuente Aragón Hoy"
2020-05-13;"MAZ";2;;"Zaragoza";"Zaragoza";50297;"Fuente Aragón Hoy"
2020-05-13;"Hospital Viamed Montecanal";;;"Zaragoza";"Zaragoza";50297;"Fuente Aragón Hoy"
2020-05-13;"Clínica Montpellier";;;"Zaragoza";"Zaragoza";50297;"Fuente Aragón Hoy"
2020-05-13;"Hospital Quirón";1;;"Zaragoza";"Zaragoza";50297;"Fuente Aragón Hoy"
2020-05-13;"Hospital San Juan de Dios de Zaragoza";1;;"Zaragoza";"Zaragoza";50297;"Fuente Aragón Hoy"
2020-05-13;"Clínica Viamed Santiago";1;;"Huesca";"Huesca";22125;"Fuente Aragón Hoy"
2020-05-13;"Clínica El Pilar";;;"Zaragoza";"Zaragoza";50297;"Fuente Aragón Hoy"
2020-05-14;"Hospital Universitario Miguel Servet";37;10;"Zaragoza";"Zaragoza";50297;"Fuente Aragón Hoy"
2020-05-14;"Hospital Clínico Universitario";83;8;"Zaragoza";"Zaragoza";50297;"Fuente Aragón Hoy"
2020-05-14;"Hospital Royo Villanova";22;1;"Zaragoza";"Zaragoza";50297;"Fuente Aragón Hoy"
2020-05-14;"Hospital Nuestra Señora de Gracia";3;1;"Zaragoza";"Zaragoza";50297;"Fuente Aragón Hoy"
2020-05-14;"Hospital General de la Defensa";16;;"Zaragoza";"Zaragoza";50297;"Fuente Aragón Hoy"
2020-05-14;"Hospital Obispo Polanco";8;4;"Teruel";"Teruel";44216;"Fuente Aragón Hoy"
2020-05-14;"Hospital de Alcañiz";4;;"Alcañiz";"Teruel";44013;"Fuente Aragón Hoy"
2020-05-14;"Hospital de Barbastro";10;4;"Barbastro";"Huesca";22048;"Fuente Aragón Hoy"
2020-05-14;"Hospital San Jorge";13;4;"Huesca";"Huesca";22125;"Fuente Aragón Hoy"
2020-05-14;"Hospital Sagrado Corazón";;;"Huesca";"Huesca";22125;"Fuente Aragón Hoy"
2020-05-14;"Hospital Ernest Lluch";2;;"Calatayud";"Zaragoza";50067;"Fuente Aragón Hoy"
2020-05-14;"Hospital San José";14;;"Teruel";"Teruel";44216;"Fuente Aragón Hoy"
2020-05-14;"Hospital Ejea – Cinco Villas";;;"Ejea de los Caballeros";"Zaragoza";50095;"Fuente Aragón Hoy"
2020-05-14;"MAZ";2;;"Zaragoza";"Zaragoza";50297;"Fuente Aragón Hoy"
2020-05-14;"Hospital Viamed Montecanal";2;;"Zaragoza";"Zaragoza";50297;"Fuente Aragón Hoy"
2020-05-14;"Clínica Montpellier";;;"Zaragoza";"Zaragoza";50297;"Fuente Aragón Hoy"
2020-05-14;"Hospital Quirón";1;;"Zaragoza";"Zaragoza";50297;"Fuente Aragón Hoy"
2020-05-14;"Hospital San Juan de Dios de Zaragoza";1;;"Zaragoza";"Zaragoza";50297;"Fuente Aragón Hoy"
2020-05-14;"Clínica Viamed Santiago";3;;"Huesca";"Huesca";22125;"Fuente Aragón Hoy"
2020-05-14;"Clínica El Pilar";;;"Zaragoza";"Zaragoza";50297;"Fuente Aragón Hoy"
2020-05-15;"Hospital Universitario Miguel Servet";39;10;"Zaragoza";"Zaragoza";50297;"Fuente Aragón Hoy"
2020-05-15;"Hospital Clínico Universitario";79;8;"Zaragoza";"Zaragoza";50297;"Fuente Aragón Hoy"
2020-05-15;"Hospital Royo Villanova";15;;"Zaragoza";"Zaragoza";50297;"Fuente Aragón Hoy"
2020-05-15;"Hospital Nuestra Señora de Gracia";2;1;"Zaragoza";"Zaragoza";50297;"Fuente Aragón Hoy"
2020-05-15;"Hospital General de la Defensa";13;;"Zaragoza";"Zaragoza";50297;"Fuente Aragón Hoy"
2020-05-15;"Hospital Obispo Polanco";9;4;"Teruel";"Teruel";44216;"Fuente Aragón Hoy"
2020-05-15;"Hospital de Alcañiz";4;;"Alcañiz";"Teruel";44013;"Fuente Aragón Hoy"
2020-05-15;"Hospital de Barbastro";11;3;"Barbastro";"Huesca";22048;"Fuente Aragón Hoy"
2020-05-15;"Hospital San Jorge";11;4;"Huesca";"Huesca";22125;"Fuente Aragón Hoy"
2020-05-15;"Hospital Sagrado Corazón";;;"Huesca";"Huesca";22125;"Fuente Aragón Hoy"
2020-05-15;"Hospital Ernest Lluch";4;;"Calatayud";"Zaragoza";50067;"Fuente Aragón Hoy"
2020-05-15;"Hospital San José";14;;"Teruel";"Teruel";44216;"Fuente Aragón Hoy"
2020-05-15;"Hospital Ejea – Cinco Villas";;;"Ejea de los Caballeros";"Zaragoza";50095;"Fuente Aragón Hoy"
2020-05-15;"MAZ";2;;"Zaragoza";"Zaragoza";50297;"Fuente Aragón Hoy"
2020-05-15;"Hospital Viamed Montecanal";2;;"Zaragoza";"Zaragoza";50297;"Fuente Aragón Hoy"
2020-05-15;"Clínica Montpellier";;;"Zaragoza";"Zaragoza";50297;"Fuente Aragón Hoy"
2020-05-15;"Hospital Quirón";1;;"Zaragoza";"Zaragoza";50297;"Fuente Aragón Hoy"
2020-05-15;"Hospital San Juan de Dios de Zaragoza";1;;"Zaragoza";"Zaragoza";50297;"Fuente Aragón Hoy"
2020-05-15;"Clínica Viamed Santiago";1;;"Huesca";"Huesca";22125;"Fuente Aragón Hoy"
2020-05-15;"Clínica El Pilar";;;"Zaragoza";"Zaragoza";50297;"Fuente Aragón Hoy"
2020-05-16;"Hospital Universitario Miguel Servet";38;9;"Zaragoza";"Zaragoza";50297;"Fuente Aragón Hoy"
2020-05-16;"Hospital Clínico Universitario";85;10;"Zaragoza";"Zaragoza";50297;"Fuente Aragón Hoy"
2020-05-16;"Hospital Royo Villanova";16;1;"Zaragoza";"Zaragoza";50297;"Fuente Aragón Hoy"
2020-05-16;"Hospital Nuestra Señora de Gracia";2;1;"Zaragoza";"Zaragoza";50297;"Fuente Aragón Hoy"
2020-05-16;"Hospital General de la Defensa";13;;"Zaragoza";"Zaragoza";50297;"Fuente Aragón Hoy"
2020-05-16;"Hospital Obispo Polanco";9;4;"Teruel";"Teruel";44216;"Fuente Aragón Hoy"
2020-05-16;"Hospital de Alcañiz";4;;"Alcañiz";"Teruel";44013;"Fuente Aragón Hoy"
2020-05-16;"Hospital de Barbastro";15;3;"Barbastro";"Huesca";22048;"Fuente Aragón Hoy"
2020-05-16;"Hospital San Jorge";10;3;"Huesca";"Huesca";22125;"Fuente Aragón Hoy"
2020-05-16;"Hospital Sagrado Corazón";;;"Huesca";"Huesca";22125;"Fuente Aragón Hoy"
2020-05-16;"Hospital Ernest Lluch";5;;"Calatayud";"Zaragoza";50067;"Fuente Aragón Hoy"
2020-05-16;"Hospital San José";13;;"Teruel";"Teruel";44216;"Fuente Aragón Hoy"
2020-05-16;"Hospital Ejea – Cinco Villas";1;;"Ejea de los Caballeros";"Zaragoza";50095;"Fuente Aragón Hoy"
2020-05-16;"MAZ";2;;"Zaragoza";"Zaragoza";50297;"Fuente Aragón Hoy"
2020-05-16;"Hospital Viamed Montecanal";;;"Zaragoza";"Zaragoza";50297;"Fuente Aragón Hoy"
2020-05-16;"Clínica Montpellier";;;"Zaragoza";"Zaragoza";50297;"Fuente Aragón Hoy"
2020-05-16;"Hospital Quirón";1;;"Zaragoza";"Zaragoza";50297;"Fuente Aragón Hoy"
2020-05-16;"Hospital San Juan de Dios de Zaragoza";;;"Zaragoza";"Zaragoza";50297;"Fuente Aragón Hoy"
2020-05-16;"Clínica Viamed Santiago";1;;"Huesca";"Huesca";22125;"Fuente Aragón Hoy"
2020-05-16;"Clínica El Pilar";;;"Zaragoza";"Zaragoza";50297;"Fuente Aragón Hoy"
2020-05-17;"Hospital Universitario Miguel Servet";30;7;"Zaragoza";"Zaragoza";50297;"Fuente Aragón Hoy"
2020-05-17;"Hospital Clínico Universitario";70;5;"Zaragoza";"Zaragoza";50297;"Fuente Aragón Hoy"
2020-05-17;"Hospital Royo Villanova";13;;"Zaragoza";"Zaragoza";50297;"Fuente Aragón Hoy"
2020-05-17;"Hospital Nuestra Señora de Gracia";3;2;"Zaragoza";"Zaragoza";50297;"Fuente Aragón Hoy"
2020-05-17;"Hospital General de la Defensa";13;;"Zaragoza";"Zaragoza";50297;"Fuente Aragón Hoy"
2020-05-17;"Hospital Obispo Polanco";9;4;"Teruel";"Teruel";44216;"Fuente Aragón Hoy"
2020-05-17;"Hospital de Alcañiz";4;;"Alcañiz";"Teruel";44013;"Fuente Aragón Hoy"
2020-05-17;"Hospital de Barbastro";15;3;"Barbastro";"Huesca";22048;"Fuente Aragón Hoy"
2020-05-17;"Hospital San Jorge";8;4;"Huesca";"Huesca";22125;"Fuente Aragón Hoy"
2020-05-17;"Hospital Sagrado Corazón";;;"Huesca";"Huesca";22125;"Fuente Aragón Hoy"
2020-05-17;"Hospital Ernest Lluch";4;;"Calatayud";"Zaragoza";50067;"Fuente Aragón Hoy"
2020-05-17;"Hospital San José";12;;"Teruel";"Teruel";44216;"Fuente Aragón Hoy"
2020-05-17;"Hospital Ejea – Cinco Villas";;;"Ejea de los Caballeros";"Zaragoza";50095;"Fuente Aragón Hoy"
2020-05-17;"MAZ";3;;"Zaragoza";"Zaragoza";50297;"Fuente Aragón Hoy"
2020-05-17;"Hospital Viamed Montecanal";;;"Zaragoza";"Zaragoza";50297;"Fuente Aragón Hoy"
2020-05-17;"Clínica Montpellier";;;"Zaragoza";"Zaragoza";50297;"Fuente Aragón Hoy"
2020-05-17;"Hospital Quirón";1;;"Zaragoza";"Zaragoza";50297;"Fuente Aragón Hoy"
2020-05-17;"Hospital San Juan de Dios de Zaragoza";;;"Zaragoza";"Zaragoza";50297;"Fuente Aragón Hoy"
2020-05-17;"Clínica Viamed Santiago";1;;"Huesca";"Huesca";22125;"Fuente Aragón Hoy"
2020-05-17;"Clínica El Pilar";;;"Zaragoza";"Zaragoza";50297;"Fuente Aragón Hoy"
2020-05-18;"Hospital Universitario Miguel Servet";30;7;"Zaragoza";"Zaragoza";50297;"Fuente Aragón Hoy"
2020-05-18;"Hospital Clínico Universitario";69;4;"Zaragoza";"Zaragoza";50297;"Fuente Aragón Hoy"
2020-05-18;"Hospital Royo Villanova";14;;"Zaragoza";"Zaragoza";50297;"Fuente Aragón Hoy"
2020-05-18;"Hospital Nuestra Señora de Gracia";5;3;"Zaragoza";"Zaragoza";50297;"Fuente Aragón Hoy"
2020-05-18;"Hospital General de la Defensa";14;;"Zaragoza";"Zaragoza";50297;"Fuente Aragón Hoy"
2020-05-18;"Hospital Obispo Polanco";9;4;"Teruel";"Teruel";44216;"Fuente Aragón Hoy"
2020-05-18;"Hospital de Alcañiz";4;;"Alcañiz";"Teruel";44013;"Fuente Aragón Hoy"
2020-05-18;"Hospital de Barbastro";17;3;"Barbastro";"Huesca";22048;"Fuente Aragón Hoy"
2020-05-18;"Hospital San Jorge";8;3;"Huesca";"Huesca";22125;"Fuente Aragón Hoy"
2020-05-18;"Hospital Sagrado Corazón";;;"Huesca";"Huesca";22125;"Fuente Aragón Hoy"
2020-05-18;"Hospital Ernest Lluch";5;;"Calatayud";"Zaragoza";50067;"Fuente Aragón Hoy"
2020-05-18;"Hospital San José";15;;"Teruel";"Teruel";44216;"Fuente Aragón Hoy"
2020-05-18;"Hospital Ejea – Cinco Villas";;;"Ejea de los Caballeros";"Zaragoza";50095;"Fuente Aragón Hoy"
2020-05-18;"MAZ";2;;"Zaragoza";"Zaragoza";50297;"Fuente Aragón Hoy"
2020-05-18;"Hospital Viamed Montecanal";;;"Zaragoza";"Zaragoza";50297;"Fuente Aragón Hoy"
2020-05-18;"Clínica Montpellier";;;"Zaragoza";"Zaragoza";50297;"Fuente Aragón Hoy"
2020-05-18;"Hospital Quirón";1;;"Zaragoza";"Zaragoza";50297;"Fuente Aragón Hoy"
2020-05-18;"Hospital San Juan de Dios de Zaragoza";;;"Zaragoza";"Zaragoza";50297;"Fuente Aragón Hoy"
2020-05-18;"Clínica Viamed Santiago";1;;"Huesca";"Huesca";22125;"Fuente Aragón Hoy"
2020-05-18;"Clínica El Pilar";;;"Zaragoza";"Zaragoza";50297;"Fuente Aragón Hoy"
2020-05-19;"Hospital Universitario Miguel Servet";29;7;"Zaragoza";"Zaragoza";50297;"Fuente Aragón Hoy"
2020-05-19;"Hospital Clínico Universitario";67;4;"Zaragoza";"Zaragoza";50297;"Fuente Aragón Hoy"
2020-05-19;"Hospital Royo Villanova";13;;"Zaragoza";"Zaragoza";50297;"Fuente Aragón Hoy"
2020-05-19;"Hospital Nuestra Señora de Gracia";4;3;"Zaragoza";"Zaragoza";50297;"Fuente Aragón Hoy"
2020-05-19;"Hospital General de la Defensa";9;;"Zaragoza";"Zaragoza";50297;"Fuente Aragón Hoy"
2020-05-19;"Hospital Obispo Polanco";9;4;"Teruel";"Teruel";44216;"Fuente Aragón Hoy"
2020-05-19;"Hospital de Alcañiz";4;;"Alcañiz";"Teruel";44013;"Fuente Aragón Hoy"
2020-05-19;"Hospital de Barbastro";15;3;"Barbastro";"Huesca";22048;"Fuente Aragón Hoy"
2020-05-19;"Hospital San Jorge";10;4;"Huesca";"Huesca";22125;"Fuente Aragón Hoy"
2020-05-19;"Hospital Sagrado Corazón";;;"Huesca";"Huesca";22125;"Fuente Aragón Hoy"
2020-05-19;"Hospital Ernest Lluch";6;;"Calatayud";"Zaragoza";50067;"Fuente Aragón Hoy"
2020-05-19;"Hospital San José";15;;"Teruel";"Teruel";44216;"Fuente Aragón Hoy"
2020-05-19;"Hospital Ejea – Cinco Villas";2;;"Ejea de los Caballeros";"Zaragoza";50095;"Fuente Aragón Hoy"
2020-05-19;"MAZ";2;;"Zaragoza";"Zaragoza";50297;"Fuente Aragón Hoy"
2020-05-19;"Hospital Viamed Montecanal";;;"Zaragoza";"Zaragoza";50297;"Fuente Aragón Hoy"
2020-05-19;"Clínica Montpellier";;;"Zaragoza";"Zaragoza";50297;"Fuente Aragón Hoy"
2020-05-19;"Hospital Quirón";1;;"Zaragoza";"Zaragoza";50297;"Fuente Aragón Hoy"
2020-05-19;"Hospital San Juan de Dios de Zaragoza";;;"Zaragoza";"Zaragoza";50297;"Fuente Aragón Hoy"
2020-05-19;"Clínica Viamed Santiago";1;;"Huesca";"Huesca";22125;"Fuente Aragón Hoy"
2020-05-19;"Clínica El Pilar";;;"Zaragoza";"Zaragoza";50297;"Fuente Aragón Hoy"
2020-05-20;"Hospital Universitario Miguel Servet";26;7;"Zaragoza";"Zaragoza";50297;"Fuente Aragón Hoy"
2020-05-20;"Hospital Clínico Universitario";55;2;"Zaragoza";"Zaragoza";50297;"Fuente Aragón Hoy"
2020-05-20;"Hospital Royo Villanova";13;;"Zaragoza";"Zaragoza";50297;"Fuente Aragón Hoy"
2020-05-20;"Hospital Nuestra Señora de Gracia";3;2;"Zaragoza";"Zaragoza";50297;"Fuente Aragón Hoy"
2020-05-20;"Hospital General de la Defensa";8;;"Zaragoza";"Zaragoza";50297;"Fuente Aragón Hoy"
2020-05-20;"Hospital Obispo Polanco";9;3;"Teruel";"Teruel";44216;"Fuente Aragón Hoy"
2020-05-20;"Hospital de Alcañiz";3;;"Alcañiz";"Teruel";44013;"Fuente Aragón Hoy"
2020-05-20;"Hospital de Barbastro";17;2;"Barbastro";"Huesca";22048;"Fuente Aragón Hoy"
2020-05-20;"Hospital San Jorge";10;3;"Huesca";"Huesca";22125;"Fuente Aragón Hoy"
2020-05-20;"Hospital Sagrado Corazón";;;"Huesca";"Huesca";22125;"Fuente Aragón Hoy"
2020-05-20;"Hospital Ernest Lluch";3;;"Calatayud";"Zaragoza";50067;"Fuente Aragón Hoy"
2020-05-20;"Hospital San José";12;;"Teruel";"Teruel";44216;"Fuente Aragón Hoy"
2020-05-20;"Hospital Ejea – Cinco Villas";;;"Ejea de los Caballeros";"Zaragoza";50095;"Fuente Aragón Hoy"
2020-05-20;"MAZ";3;;"Zaragoza";"Zaragoza";50297;"Fuente Aragón Hoy"
2020-05-20;"Hospital Viamed Montecanal";;;"Zaragoza";"Zaragoza";50297;"Fuente Aragón Hoy"
2020-05-20;"Clínica Montpellier";;;"Zaragoza";"Zaragoza";50297;"Fuente Aragón Hoy"
2020-05-20;"Hospital Quirón";1;;"Zaragoza";"Zaragoza";50297;"Fuente Aragón Hoy"
2020-05-20;"Hospital San Juan de Dios de Zaragoza";;;"Zaragoza";"Zaragoza";50297;"Fuente Aragón Hoy"
2020-05-20;"Clínica Viamed Santiago";;;"Huesca";"Huesca";22125;"Fuente Aragón Hoy"
2020-05-20;"Clínica El Pilar";;;"Zaragoza";"Zaragoza";50297;"Fuente Aragón Hoy"
2020-05-21;"Hospital Universitario Miguel Servet";21;6;"Zaragoza";"Zaragoza";50297;"Fuente Aragón Hoy"
2020-05-21;"Hospital Clínico Universitario";49;2;"Zaragoza";"Zaragoza";50297;"Fuente Aragón Hoy"
2020-05-21;"Hospital Royo Villanova";11;;"Zaragoza";"Zaragoza";50297;"Fuente Aragón Hoy"
2020-05-21;"Hospital Nuestra Señora de Gracia";1;;"Zaragoza";"Zaragoza";50297;"Fuente Aragón Hoy"
2020-05-21;"Hospital General de la Defensa";9;;"Zaragoza";"Zaragoza";50297;"Fuente Aragón Hoy"
2020-05-21;"Hospital Obispo Polanco";6;3;"Teruel";"Teruel";44216;"Fuente Aragón Hoy"
2020-05-21;"Hospital de Alcañiz";1;;"Alcañiz";"Teruel";44013;"Fuente Aragón Hoy"
2020-05-21;"Hospital de Barbastro";13;2;"Barbastro";"Huesca";22048;"Fuente Aragón Hoy"
2020-05-21;"Hospital San Jorge";8;3;"Huesca";"Huesca";22125;"Fuente Aragón Hoy"
2020-05-21;"Hospital Sagrado Corazón";;;"Huesca";"Huesca";22125;"Fuente Aragón Hoy"
2020-05-21;"Hospital Ernest Lluch";3;;"Calatayud";"Zaragoza";50067;"Fuente Aragón Hoy"
2020-05-21;"Hospital San José";14;;"Teruel";"Teruel";44216;"Fuente Aragón Hoy"
2020-05-21;"Hospital Ejea – Cinco Villas";;;"Ejea de los Caballeros";"Zaragoza";50095;"Fuente Aragón Hoy"
2020-05-21;"MAZ";3;;"Zaragoza";"Zaragoza";50297;"Fuente Aragón Hoy"
2020-05-21;"Hospital Viamed Montecanal";;;"Zaragoza";"Zaragoza";50297;"Fuente Aragón Hoy"
2020-05-21;"Clínica Montpellier";;;"Zaragoza";"Zaragoza";50297;"Fuente Aragón Hoy"
2020-05-21;"Hospital Quirón";1;;"Zaragoza";"Zaragoza";50297;"Fuente Aragón Hoy"
2020-05-21;"Hospital San Juan de Dios de Zaragoza";;;"Zaragoza";"Zaragoza";50297;"Fuente Aragón Hoy"
2020-05-21;"Clínica Viamed Santiago";;;"Huesca";"Huesca";22125;"Fuente Aragón Hoy"
2020-05-21;"Clínica El Pilar";;;"Zaragoza";"Zaragoza";50297;"Fuente Aragón Hoy"
2020-05-22;"Hospital Universitario Miguel Servet";19;5;"Zaragoza";"Zaragoza";50297;"Fuente Aragón Hoy"
2020-05-22;"Hospital Clínico Universitario";48;1;"Zaragoza";"Zaragoza";50297;"Fuente Aragón Hoy"
2020-05-22;"Hospital Royo Villanova";10;;"Zaragoza";"Zaragoza";50297;"Fuente Aragón Hoy"
2020-05-22;"Hospital Nuestra Señora de Gracia";1;;"Zaragoza";"Zaragoza";50297;"Fuente Aragón Hoy"
2020-05-22;"Hospital General de la Defensa";7;;"Zaragoza";"Zaragoza";50297;"Fuente Aragón Hoy"
2020-05-22;"Hospital Obispo Polanco";6;3;"Teruel";"Teruel";44216;"Fuente Aragón Hoy"
2020-05-22;"Hospital de Alcañiz";;;"Alcañiz";"Teruel";44013;"Fuente Aragón Hoy"
2020-05-22;"Hospital de Barbastro";15;2;"Barbastro";"Huesca";22048;"Fuente Aragón Hoy"
2020-05-22;"Hospital San Jorge";6;2;"Huesca";"Huesca";22125;"Fuente Aragón Hoy"
2020-05-22;"Hospital Sagrado Corazón";;;"Huesca";"Huesca";22125;"Fuente Aragón Hoy"
2020-05-22;"Hospital Ernest Lluch";5;;"Calatayud";"Zaragoza";50067;"Fuente Aragón Hoy"
2020-05-22;"Hospital San José";14;;"Teruel";"Teruel";44216;"Fuente Aragón Hoy"
2020-05-22;"Hospital Ejea – Cinco Villas";1;;"Ejea de los Caballeros";"Zaragoza";50095;"Fuente Aragón Hoy"
2020-05-22;"MAZ";3;;"Zaragoza";"Zaragoza";50297;"Fuente Aragón Hoy"
2020-05-22;"Hospital Viamed Montecanal";;;"Zaragoza";"Zaragoza";50297;"Fuente Aragón Hoy"
2020-05-22;"Clínica Montpellier";;;"Zaragoza";"Zaragoza";50297;"Fuente Aragón Hoy"
2020-05-22;"Hospital Quirón";1;;"Zaragoza";"Zaragoza";50297;"Fuente Aragón Hoy"
2020-05-22;"Hospital San Juan de Dios de Zaragoza";;;"Zaragoza";"Zaragoza";50297;"Fuente Aragón Hoy"
2020-05-22;"Clínica Viamed Santiago";;;"Huesca";"Huesca";22125;"Fuente Aragón Hoy"
2020-05-22;"Clínica El Pilar";;;"Zaragoza";"Zaragoza";50297;"Fuente Aragón Hoy"
2020-05-23;"Hospital Universitario Miguel Servet";19;5;"Zaragoza";"Zaragoza";50297;"Fuente Aragón Hoy"
2020-05-23;"Hospital Clínico Universitario";44;1;"Zaragoza";"Zaragoza";50297;"Fuente Aragón Hoy"
2020-05-23;"Hospital Royo Villanova";11;;"Zaragoza";"Zaragoza";50297;"Fuente Aragón Hoy"
2020-05-23;"Hospital Nuestra Señora de Gracia";1;;"Zaragoza";"Zaragoza";50297;"Fuente Aragón Hoy"
2020-05-23;"Hospital General de la Defensa";6;;"Zaragoza";"Zaragoza";50297;"Fuente Aragón Hoy"
2020-05-23;"Hospital Obispo Polanco";6;2;"Teruel";"Teruel";44216;"Fuente Aragón Hoy"
2020-05-23;"Hospital de Alcañiz";;;"Alcañiz";"Teruel";44013;"Fuente Aragón Hoy"
2020-05-23;"Hospital de Barbastro";14;2;"Barbastro";"Huesca";22048;"Fuente Aragón Hoy"
2020-05-23;"Hospital San Jorge";5;2;"Huesca";"Huesca";22125;"Fuente Aragón Hoy"
2020-05-23;"Hospital Sagrado Corazón";;;"Huesca";"Huesca";22125;"Fuente Aragón Hoy"
2020-05-23;"Hospital Ernest Lluch";4;;"Calatayud";"Zaragoza";50067;"Fuente Aragón Hoy"
2020-05-23;"Hospital San José";14;;"Teruel";"Teruel";44216;"Fuente Aragón Hoy"
2020-05-23;"Hospital Ejea – Cinco Villas";;;"Ejea de los Caballeros";"Zaragoza";50095;"Fuente Aragón Hoy"
2020-05-23;"MAZ";2;;"Zaragoza";"Zaragoza";50297;"Fuente Aragón Hoy"
2020-05-23;"Hospital Viamed Montecanal";1;;"Zaragoza";"Zaragoza";50297;"Fuente Aragón Hoy"
2020-05-23;"Clínica Montpellier";;;"Zaragoza";"Zaragoza";50297;"Fuente Aragón Hoy"
2020-05-23;"Hospital Quirón";1;;"Zaragoza";"Zaragoza";50297;"Fuente Aragón Hoy"
2020-05-23;"Hospital San Juan de Dios de Zaragoza";;;"Zaragoza";"Zaragoza";50297;"Fuente Aragón Hoy"
2020-05-23;"Clínica Viamed Santiago";;;"Huesca";"Huesca";22125;"Fuente Aragón Hoy"
2020-05-23;"Clínica El Pilar";;;"Zaragoza";"Zaragoza";50297;"Fuente Aragón Hoy"
2020-05-24;"Hospital Universitario Miguel Servet";11;5;"Zaragoza";"Zaragoza";50297;"Fuente Aragón Hoy"
2020-05-24;"Hospital Clínico Universitario";43;;"Zaragoza";"Zaragoza";50297;"Fuente Aragón Hoy"
2020-05-24;"Hospital Royo Villanova";6;;"Zaragoza";"Zaragoza";50297;"Fuente Aragón Hoy"
2020-05-24;"Hospital Nuestra Señora de Gracia";2;;"Zaragoza";"Zaragoza";50297;"Fuente Aragón Hoy"
2020-05-24;"Hospital General de la Defensa";6;;"Zaragoza";"Zaragoza";50297;"Fuente Aragón Hoy"
2020-05-24;"Hospital Obispo Polanco";4;2;"Teruel";"Teruel";44216;"Fuente Aragón Hoy"
2020-05-24;"Hospital de Alcañiz";;;"Alcañiz";"Teruel";44013;"Fuente Aragón Hoy"
2020-05-24;"Hospital de Barbastro";15;2;"Barbastro";"Huesca";22048;"Fuente Aragón Hoy"
2020-05-24;"Hospital San Jorge";5;2;"Huesca";"Huesca";22125;"Fuente Aragón Hoy"
2020-05-24;"Hospital Sagrado Corazón";;;"Huesca";"Huesca";22125;"Fuente Aragón Hoy"
2020-05-24;"Hospital Ernest Lluch";2;;"Calatayud";"Zaragoza";50067;"Fuente Aragón Hoy"
2020-05-24;"Hospital San José";13;;"Teruel";"Teruel";44216;"Fuente Aragón Hoy"
2020-05-24;"Hospital Ejea – Cinco Villas";;;"Ejea de los Caballeros";"Zaragoza";50095;"Fuente Aragón Hoy"
2020-05-24;"MAZ";2;;"Zaragoza";"Zaragoza";50297;"Fuente Aragón Hoy"
2020-05-24;"Hospital Viamed Montecanal";1;;"Zaragoza";"Zaragoza";50297;"Fuente Aragón Hoy"
2020-05-24;"Clínica Montpellier";;;"Zaragoza";"Zaragoza";50297;"Fuente Aragón Hoy"
2020-05-24;"Hospital Quirón";1;;"Zaragoza";"Zaragoza";50297;"Fuente Aragón Hoy"
2020-05-24;"Hospital San Juan de Dios de Zaragoza";;;"Zaragoza";"Zaragoza";50297;"Fuente Aragón Hoy"
2020-05-24;"Clínica Viamed Santiago";;;"Huesca";"Huesca";22125;"Fuente Aragón Hoy"
2020-05-24;"Clínica El Pilar";;;"Zaragoza";"Zaragoza";50297;"Fuente Aragón Hoy"
2020-05-25;"Hospital Universitario Miguel Servet";11;5;"Zaragoza";"Zaragoza";50297;"Fuente Aragón Hoy"
2020-05-25;"Hospital Clínico Universitario";45;;"Zaragoza";"Zaragoza";50297;"Fuente Aragón Hoy"
2020-05-25;"Hospital Royo Villanova";5;;"Zaragoza";"Zaragoza";50297;"Fuente Aragón Hoy"
2020-05-25;"Hospital Nuestra Señora de Gracia";4;;"Zaragoza";"Zaragoza";50297;"Fuente Aragón Hoy"
2020-05-25;"Hospital General de la Defensa";5;;"Zaragoza";"Zaragoza";50297;"Fuente Aragón Hoy"
2020-05-25;"Hospital Obispo Polanco";4;2;"Teruel";"Teruel";44216;"Fuente Aragón Hoy"
2020-05-25;"Hospital de Alcañiz";;;"Alcañiz";"Teruel";44013;"Fuente Aragón Hoy"
2020-05-25;"Hospital de Barbastro";16;2;"Barbastro";"Huesca";22048;"Fuente Aragón Hoy"
2020-05-25;"Hospital San Jorge";7;2;"Huesca";"Huesca";22125;"Fuente Aragón Hoy"
2020-05-25;"Hospital Sagrado Corazón";;;"Huesca";"Huesca";22125;"Fuente Aragón Hoy"
2020-05-25;"Hospital Ernest Lluch";5;;"Calatayud";"Zaragoza";50067;"Fuente Aragón Hoy"
2020-05-25;"Hospital San José";13;;"Teruel";"Teruel";44216;"Fuente Aragón Hoy"
2020-05-25;"Hospital Ejea – Cinco Villas";;;"Ejea de los Caballeros";"Zaragoza";50095;"Fuente Aragón Hoy"
2020-05-25;"MAZ";2;;"Zaragoza";"Zaragoza";50297;"Fuente Aragón Hoy"
2020-05-25;"Hospital Viamed Montecanal";;;"Zaragoza";"Zaragoza";50297;"Fuente Aragón Hoy"
2020-05-25;"Clínica Montpellier";;;"Zaragoza";"Zaragoza";50297;"Fuente Aragón Hoy"
2020-05-25;"Hospital Quirón";1;;"Zaragoza";"Zaragoza";50297;"Fuente Aragón Hoy"
2020-05-25;"Hospital San Juan de Dios de Zaragoza";;;"Zaragoza";"Zaragoza";50297;"Fuente Aragón Hoy"
2020-05-25;"Clínica Viamed Santiago";;;"Huesca";"Huesca";22125;"Fuente Aragón Hoy"
2020-05-25;"Clínica El Pilar";;;"Zaragoza";"Zaragoza";50297;"Fuente Aragón Hoy"
2020-05-26;"Hospital Universitario Miguel Servet";11;5;"Zaragoza";"Zaragoza";50297;"Fuente Aragón Hoy"
2020-05-26;"Hospital Clínico Universitario";35;;"Zaragoza";"Zaragoza";50297;"Fuente Aragón Hoy"
2020-05-26;"Hospital Royo Villanova";5;;"Zaragoza";"Zaragoza";50297;"Fuente Aragón Hoy"
2020-05-26;"Hospital Nuestra Señora de Gracia";4;;"Zaragoza";"Zaragoza";50297;"Fuente Aragón Hoy"
2020-05-26;"Hospital General de la Defensa";5;;"Zaragoza";"Zaragoza";50297;"Fuente Aragón Hoy"
2020-05-26;"Hospital Obispo Polanco";5;2;"Teruel";"Teruel";44216;"Fuente Aragón Hoy"
2020-05-26;"Hospital de Alcañiz";1;;"Alcañiz";"Teruel";44013;"Fuente Aragón Hoy"
2020-05-26;"Hospital de Barbastro";17;2;"Barbastro";"Huesca";22048;"Fuente Aragón Hoy"
2020-05-26;"Hospital San Jorge";8;2;"Huesca";"Huesca";22125;"Fuente Aragón Hoy"
2020-05-26;"Hospital Sagrado Corazón";;;"Huesca";"Huesca";22125;"Fuente Aragón Hoy"
2020-05-26;"Hospital Ernest Lluch";7;;"Calatayud";"Zaragoza";50067;"Fuente Aragón Hoy"
2020-05-26;"Hospital San José";12;;"Teruel";"Teruel";44216;"Fuente Aragón Hoy"
2020-05-26;"Hospital Ejea – Cinco Villas";;;"Ejea de los Caballeros";"Zaragoza";50095;"Fuente Aragón Hoy"
2020-05-26;"MAZ";2;;"Zaragoza";"Zaragoza";50297;"Fuente Aragón Hoy"
2020-05-26;"Hospital Viamed Montecanal";;;"Zaragoza";"Zaragoza";50297;"Fuente Aragón Hoy"
2020-05-26;"Clínica Montpellier";1;;"Zaragoza";"Zaragoza";50297;"Fuente Aragón Hoy"
2020-05-26;"Hospital Quirón";1;;"Zaragoza";"Zaragoza";50297;"Fuente Aragón Hoy"
2020-05-26;"Hospital San Juan de Dios de Zaragoza";;;"Zaragoza";"Zaragoza";50297;"Fuente Aragón Hoy"
2020-05-26;"Clínica Viamed Santiago";;;"Huesca";"Huesca";22125;"Fuente Aragón Hoy"
2020-05-26;"Clínica El Pilar";;;"Zaragoza";"Zaragoza";50297;"Fuente Aragón Hoy"
